Workbook

Sheet Útmutató
A1: ICP ügyfélminősítő – útmutató
A3: Mire jó?
A4: Az ügyfeleket 33 szempont alapján 0–100 pontra értékeli, rangsorolja, öt státuszba sorolja, és ebből díjat, illetve jutalékos modellt javasol.
A6: Kiket tekintünk ideális ügyfélnek?
A7: Felelősségteljes, fenntartható, zöld szemléletű cégeket, amelyek elsősorban szükségleteket elégítenek ki, nem igényeket:
A8: • Emberközpontú szolgáltatók (egészség, oktatás, mentális jóllét, fejlesztés)
A9: • Tudatos termelők és alkotók (fenntartható termékek, kézműves márkák, gazdaságok)
A10: • Hatásközpontú szervezetek (közösségi, környezeti és társadalmi projektek)
A11: Kizáró feltétel: „Értékalapú szegmens” legfeljebb 1 pont; „Felelősség, fenntarthatóság” legfeljebb 3 pont (a szegmensnél ez az „Értékeinkkel nem összeegyeztethető” érték). Az ilyen ügyfél automatikusan 5. státuszú, és elutasítjuk. Hiányzó adat nem zár ki.
A13: Státuszok
A14: 1. Stabil rendszer (rendszerpontszám ≥ 70; szorzó 0,90, jutalék 5%): A kampányok és a kapcsolódó marketingelemek jól működnek, az eredmények kiszámíthatók. A feladat elsősorban az ellenőrzés, fenntartás és kisebb finomhangolás.
A15: 2. Menedzselt rendszer (rendszerpontszám ≥ 55; szorzó 1,00, jutalék 3%): A rendszer működik, de rendszeres operatív kezelést igényel: ismétlődő kampányfrissítések, szezonális promóciók, kreatívcserék, tervezhető optimalizálási feladatok.
... A43: A fájl feltölthető Google Drive-ra és megnyitható Google Táblázatként; a képletek ott is működnek.

Sheet Ügyfelek
A1: Ügyfél neve | B1: Értékalapú szegmens | C1: Felelősség, fenntarthatóság (1–10) | D1: Sürgősség (1–10) | E1: A piac mérete (1–10) | F1: Árazási potenciál (1–10) | G1: Vásárlószerzés költsége (1–10) | H1: Leszállítás költsége (1–10) | I1: Egyediség, egyedi tulajdonság (1–10) | J1: A piac gyorsasága (1–10) | K1: Befektetési igény (1–10) | L1: Upsell-potenciál (1–10) | M1: Örökzöld potenciál (1–10) | N1: Látványos demonstrálhatóság (1–10) | O1: Dizájn, vonzó megjelenés (1–10) | P1: Egyszerű használat (1–10) | Q1: Problémát old meg (1–10) | R1: Újdonság (1–10) | S1: Iparági illeszkedés (1–10) | T1: Éves árbevétel (M Ft) | U1: Havi hirdetési keret (Ft) | V1: Marketing-érettség (1–10) | W1: Jelenlegi ROAS | X1: Növekedési potenciál (1–10) | Y1: Nyitottság a jutalékos modellre | Z1: Átlagos fizetési késés (nap) | AA1: Együttműködés hossza (hónap) | AB1: Döntéshozó, együttműködés (1–10) | AC1: Kezelhetőség (1–10) | AD1: Ajánlási, referenciaérték (1–10) | AE1: Reális elvárások (1–10) | AF1: Emberi oldal (1–10) | AG1: Szakmai színvonal (1–10) | AH1: Korábbi ügynökségi tapasztalat | AI1: Google Ads (igen/nem) | AJ1: Meta (igen/nem) | AK1: Egyéb csatornák száma | AL1: Becsült havi munkaóra | AM1: Jelenlegi havi díj (Ft) | AN1: Havi mért bevétel (Ft) | AO1: Megjegyzés

Sheet Rangsor
A1: ICP-rangsor – pontszám szerint csökkenő sorrendben
A2: Automatikusan frissül az Ügyfelek lap alapján. A csoportoszlopok 0–100 között mutatják, hol erős az ügyfél. Holtversenynél a korábban felvett ügyfél áll elöl.
A4: Rang | B4: Ügyfél | C4: ICP pontszám | D4: Rendszerpontszám | E4: Státusz | F4: Státusz megnevezése | G4: Döntés | H4: Értékek | I4: Marketingezhetőség | J4: Üzleti illeszkedés | K4: Kapcsolat | L4: Javasolt fix havi díj | M4: Jelenlegi díj | N4: Eltérés (Ft) | O4: Eltérés (%) | P4: Jutalékos modell | Q4: Jutalékos: fix díj | R4: Jutalékos: jutalék % | S4: Díjmodell | T4: Leggyengébb terület | U4: Hiányzó adatok | W4: sor
A5: =IF($W5="","",INDEX('Eredmény'!$AO$2:$AO$201,$W5)) | B5: =IF($W5="","",INDEX('Eredmény'!$A$2:$A$201,$W5)) | C5: =IF($W5="","",INDEX('Eredmény'!$AM$2:$AM$201,$W5)) | D5: =IF($W5="","",INDEX('Eredmény'!$AN$2:$AN$201,$W5)) | E5: =IF($W5="","",INDEX('Eredmény'!$AQ$2:$AQ$201,$W5)) | F5: =IF($W5="","",INDEX('Eredmény'!$AR$2:$AR$201,$W5)) | G5: =IF($W5="","",INDEX('Eredmény'!$AS$2:$AS$201,$W5)) | H5: =IF($W5="","",INDEX('Eredmény'!$AI$2:$AI$201,$W5)) | I5: =IF($W5="","",INDEX('Eredmény'!$AJ$2:$AJ$201,$W5)) | J5: =IF($W5="","",INDEX('Eredmény'!$AK$2:$AK$201,$W5)) | K5: =IF($W5="","",INDEX('Eredmény'!$AL$2:$AL$201,$W5)) | L5: =IF($W5="","",INDEX('Eredmény'!$AZ$2:$AZ$201,$W5)) | M5: =IF($W5="","",INDEX('Eredmény'!$BB$2:$BB$201,$W5)) | N5: =IF($W5="","",INDEX('Eredmény'!$BC$2:$BC$201,$W5)) | O5: =IF($W5="","",INDEX('Eredmény'!$BD$2:$BD$201,$W5)) | P5: =IF($W5="","",INDEX('Eredmény'!$BE$2:$BE$201,$W5)) | Q5: =IF($W5="","",INDEX('Eredmény'!$BF$2:$BF$201,$W5)) | R5: =IF($W5="","",INDEX('Eredmény'!$BG$2:$BG$201,$W5)) | S5: =IF($W5="","",INDEX('Eredmény'!$AT$2:$AT$201,$W5)) | T5: =IF($W5="","",INDEX('Eredmény'!$AV$2:$AV$201,$W5)) | U5: =IF($W5="","",INDEX('Eredmény'!$BI$2:$BI$201,$W5)) | W5: =IFERROR(MATCH(LARGE('Eredmény'!$DY$2:$DY$201,1),'Eredmény'!$DY$2:$DY$201,0),"")
A6: =IF($W6="","",INDEX('Eredmény'!$AO$2:$AO$201,$W6)) | B6: =IF($W6="","",INDEX('Eredmény'!$A$2:$A$201,$W6)) | C6: =IF($W6="","",INDEX('Eredmény'!$AM$2:$AM$201,$W6)) | D6: =IF($W6="","",INDEX('Eredmény'!$AN$2:$AN$201,$W6)) | E6: =IF($W6="","",INDEX('Eredmény'!$AQ$2:$AQ$201,$W6)) | F6: =IF($W6="","",INDEX('Eredmény'!$AR$2:$AR$201,$W6)) | G6: =IF($W6="","",INDEX('Eredmény'!$AS$2:$AS$201,$W6)) | H6: =IF($W6="","",INDEX('Eredmény'!$AI$2:$AI$201,$W6)) | I6: =IF($W6="","",INDEX('Eredmény'!$AJ$2:$AJ$201,$W6)) | J6: =IF($W6="","",INDEX('Eredmény'!$AK$2:$AK$201,$W6)) | K6: =IF($W6="","",INDEX('Eredmény'!$AL$2:$AL$201,$W6)) | L6: =IF($W6="","",INDEX('Eredmény'!$AZ$2:$AZ$201,$W6)) | M6: =IF($W6="","",INDEX('Eredmény'!$BB$2:$BB$201,$W6)) | N6: =IF($W6="","",INDEX('Eredmény'!$BC$2:$BC$201,$W6)) | O6: =IF($W6="","",INDEX('Eredmény'!$BD$2:$BD$201,$W6)) | P6: =IF($W6="","",INDEX('Eredmény'!$BE$2:$BE$201,$W6)) | Q6: =IF($W6="","",INDEX('Eredmény'!$BF$2:$BF$201,$W6)) | R6: =IF($W6="","",INDEX('Eredmény'!$BG$2:$BG$201,$W6)) | S6: =IF($W6="","",INDEX('Eredmény'!$AT$2:$AT$201,$W6)) | T6: =IF($W6="","",INDEX('Eredmény'!$AV$2:$AV$201,$W6)) | U6: =IF($W6="","",INDEX('Eredmény'!$BI$2:$BI$201,$W6)) | W6: =IFERROR(MATCH(LARGE('Eredmény'!$DY$2:$DY$201,2),'Eredmény'!$DY$2:$DY$201,0),"")
A7: =IF($W7="","",INDEX('Eredmény'!$AO$2:$AO$201,$W7)) | B7: =IF($W7="","",INDEX('Eredmény'!$A$2:$A$201,$W7)) | C7: =IF($W7="","",INDEX('Eredmény'!$AM$2:$AM$201,$W7)) | D7: =IF($W7="","",INDEX('Eredmény'!$AN$2:$AN$201,$W7)) | E7: =IF($W7="","",INDEX('Eredmény'!$AQ$2:$AQ$201,$W7)) | F7: =IF($W7="","",INDEX('Eredmény'!$AR$2:$AR$201,$W7)) | G7: =IF($W7="","",INDEX('Eredmény'!$AS$2:$AS$201,$W7)) | H7: =IF($W7="","",INDEX('Eredmény'!$AI$2:$AI$201,$W7)) | I7: =IF($W7="","",INDEX('Eredmény'!$AJ$2:$AJ$201,$W7)) | J7: =IF($W7="","",INDEX('Eredmény'!$AK$2:$AK$201,$W7)) | K7: =IF($W7="","",INDEX('Eredmény'!$AL$2:$AL$201,$W7)) | L7: =IF($W7="","",INDEX('Eredmény'!$AZ$2:$AZ$201,$W7)) | M7: =IF($W7="","",INDEX('Eredmény'!$BB$2:$BB$201,$W7)) | N7: =IF($W7="","",INDEX('Eredmény'!$BC$2:$BC$201,$W7)) | O7: =IF($W7="","",INDEX('Eredmény'!$BD$2:$BD$201,$W7)) | P7: =IF($W7="","",INDEX('Eredmény'!$BE$2:$BE$201,$W7)) | Q7: =IF($W7="","",INDEX('Eredmény'!$BF$2:$BF$201,$W7)) | R7: =IF($W7="","",INDEX('Eredmény'!$BG$2:$BG$201,$W7)) | S7: =IF($W7="","",INDEX('Eredmény'!$AT$2:$AT$201,$W7)) | T7: =IF($W7="","",INDEX('Eredmény'!$AV$2:$AV$201,$W7)) | U7: =IF($W7="","",INDEX('Eredmény'!$BI$2:$BI$201,$W7)) | W7: =IFERROR(MATCH(LARGE('Eredmény'!$DY$2:$DY$201,3),'Eredmény'!$DY$2:$DY$201,0),"")
A8: =IF($W8="","",INDEX('Eredmény'!$AO$2:$AO$201,$W8)) | B8: =IF($W8="","",INDEX('Eredmény'!$A$2:$A$201,$W8)) | C8: =IF($W8="","",INDEX('Eredmény'!$AM$2:$AM$201,$W8)) | D8: =IF($W8="","",INDEX('Eredmény'!$AN$2:$AN$201,$W8)) | E8: =IF($W8="","",INDEX('Eredmény'!$AQ$2:$AQ$201,$W8)) | F8: =IF($W8="","",INDEX('Eredmény'!$AR$2:$AR$201,$W8)) | G8: =IF($W8="","",INDEX('Eredmény'!$AS$2:$AS$201,$W8)) | H8: =IF($W8="","",INDEX('Eredmény'!$AI$2:$AI$201,$W8)) | I8: =IF($W8="","",INDEX('Eredmény'!$AJ$2:$AJ$201,$W8)) | J8: =IF($W8="","",INDEX('Eredmény'!$AK$2:$AK$201,$W8)) | K8: =IF($W8="","",INDEX('Eredmény'!$AL$2:$AL$201,$W8)) | L8: =IF($W8="","",INDEX('Eredmény'!$AZ$2:$AZ$201,$W8)) | M8: =IF($W8="","",INDEX('Eredmény'!$BB$2:$BB$201,$W8)) | N8: =IF($W8="","",INDEX('Eredmény'!$BC$2:$BC$201,$W8)) | O8: =IF($W8="","",INDEX('Eredmény'!$BD$2:$BD$201,$W8)) | P8: =IF($W8="","",INDEX('Eredmény'!$BE$2:$BE$201,$W8)) | Q8: =IF($W8="","",INDEX('Eredmény'!$BF$2:$BF$201,$W8)) | R8: =IF($W8="","",INDEX('Eredmény'!$BG$2:$BG$201,$W8)) | S8: =IF($W8="","",INDEX('Eredmény'!$AT$2:$AT$201,$W8)) | T8: =IF($W8="","",INDEX('Eredmény'!$AV$2:$AV$201,$W8)) | U8: =IF($W8="","",INDEX('Eredmény'!$BI$2:$BI$201,$W8)) | W8: =IFERROR(MATCH(LARGE('Eredmény'!$DY$2:$DY$201,4),'Eredmény'!$DY$2:$DY$201,0),"")
A9: =IF($W9="","",INDEX('Eredmény'!$AO$2:$AO$201,$W9)) | B9: =IF($W9="","",INDEX('Eredmény'!$A$2:$A$201,$W9)) | C9: =IF($W9="","",INDEX('Eredmény'!$AM$2:$AM$201,$W9)) | D9: =IF($W9="","",INDEX('Eredmény'!$AN$2:$AN$201,$W9)) | E9: =IF($W9="","",INDEX('Eredmény'!$AQ$2:$AQ$201,$W9)) | F9: =IF($W9="","",INDEX('Eredmény'!$AR$2:$AR$201,$W9)) | G9: =IF($W9="","",INDEX('Eredmény'!$AS$2:$AS$201,$W9)) | H9: =IF($W9="","",INDEX('Eredmény'!$AI$2:$AI$201,$W9)) | I9: =IF($W9="","",INDEX('Eredmény'!$AJ$2:$AJ$201,$W9)) | J9: =IF($W9="","",INDEX('Eredmény'!$AK$2:$AK$201,$W9)) | K9: =IF($W9="","",INDEX('Eredmény'!$AL$2:$AL$201,$W9)) | L9: =IF($W9="","",INDEX('Eredmény'!$AZ$2:$AZ$201,$W9)) | M9: =IF($W9="","",INDEX('Eredmény'!$BB$2:$BB$201,$W9)) | N9: =IF($W9="","",INDEX('Eredmény'!$BC$2:$BC$201,$W9)) | O9: =IF($W9="","",INDEX('Eredmény'!$BD$2:$BD$201,$W9)) | P9: =IF($W9="","",INDEX('Eredmény'!$BE$2:$BE$201,$W9)) | Q9: =IF($W9="","",INDEX('Eredmény'!$BF$2:$BF$201,$W9)) | R9: =IF($W9="","",INDEX('Eredmény'!$BG$2:$BG$201,$W9)) | S9: =IF($W9="","",INDEX('Eredmény'!$AT$2:$AT$201,$W9)) | T9: =IF($W9="","",INDEX('Eredmény'!$AV$2:$AV$201,$W9)) | U9: =IF($W9="","",INDEX('Eredmény'!$BI$2:$BI$201,$W9)) | W9: =IFERROR(MATCH(LARGE('Eredmény'!$DY$2:$DY$201,5),'Eredmény'!$DY$2:$DY$201,0),"")
A10: =IF($W10="","",INDEX('Eredmény'!$AO$2:$AO$201,$W10)) | B10: =IF($W10="","",INDEX('Eredmény'!$A$2:$A$201,$W10)) | C10: =IF($W10="","",INDEX('Eredmény'!$AM$2:$AM$201,$W10)) | D10: =IF($W10="","",INDEX('Eredmény'!$AN$2:$AN$201,$W10)) | E10: =IF($W10="","",INDEX('Eredmény'!$AQ$2:$AQ$201,$W10)) | F10: =IF($W10="","",INDEX('Eredmény'!$AR$2:$AR$201,$W10)) | G10: =IF($W10="","",INDEX('Eredmény'!$AS$2:$AS$201,$W10)) | H10: =IF($W10="","",INDEX('Eredmény'!$AI$2:$AI$201,$W10)) | I10: =IF($W10="","",INDEX('Eredmény'!$AJ$2:$AJ$201,$W10)) | J10: =IF($W10="","",INDEX('Eredmény'!$AK$2:$AK$201,$W10)) | K10: =IF($W10="","",INDEX('Eredmény'!$AL$2:$AL$201,$W10)) | L10: =IF($W10="","",INDEX('Eredmény'!$AZ$2:$AZ$201,$W10)) | M10: =IF($W10="","",INDEX('Eredmény'!$BB$2:$BB$201,$W10)) | N10: =IF($W10="","",INDEX('Eredmény'!$BC$2:$BC$201,$W10)) | O10: =IF($W10="","",INDEX('Eredmény'!$BD$2:$BD$201,$W10)) | P10: =IF($W10="","",INDEX('Eredmény'!$BE$2:$BE$201,$W10)) | Q10: =IF($W10="","",INDEX('Eredmény'!$BF$2:$BF$201,$W10)) | R10: =IF($W10="","",INDEX('Eredmény'!$BG$2:$BG$201,$W10)) | S10: =IF($W10="","",INDEX('Eredmény'!$AT$2:$AT$201,$W10)) | T10: =IF($W10="","",INDEX('Eredmény'!$AV$2:$AV$201,$W10)) | U10: =IF($W10="","",INDEX('Eredmény'!$BI$2:$BI$201,$W10)) | W10: =IFERROR(MATCH(LARGE('Eredmény'!$DY$2:$DY$201,6),'Eredmény'!$DY$2:$DY$201,0),"")
A11: =IF($W11="","",INDEX('Eredmény'!$AO$2:$AO$201,$W11)) | B11: =IF($W11="","",INDEX('Eredmény'!$A$2:$A$201,$W11)) | C11: =IF($W11="","",INDEX('Eredmény'!$AM$2:$AM$201,$W11)) | D11: =IF($W11="","",INDEX('Eredmény'!$AN$2:$AN$201,$W11)) | E11: =IF($W11="","",INDEX('Eredmény'!$AQ$2:$AQ$201,$W11)) | F11: =IF($W11="","",INDEX('Eredmény'!$AR$2:$AR$201,$W11)) | G11: =IF($W11="","",INDEX('Eredmény'!$AS$2:$AS$201,$W11)) | H11: =IF($W11="","",INDEX('Eredmény'!$AI$2:$AI$201,$W11)) | I11: =IF($W11="","",INDEX('Eredmény'!$AJ$2:$AJ$201,$W11)) | J11: =IF($W11="","",INDEX('Eredmény'!$AK$2:$AK$201,$W11)) | K11: =IF($W11="","",INDEX('Eredmény'!$AL$2:$AL$201,$W11)) | L11: =IF($W11="","",INDEX('Eredmény'!$AZ$2:$AZ$201,$W11)) | M11: =IF($W11="","",INDEX('Eredmény'!$BB$2:$BB$201,$W11)) | N11: =IF($W11="","",INDEX('Eredmény'!$BC$2:$BC$201,$W11)) | O11: =IF($W11="","",INDEX('Eredmény'!$BD$2:$BD$201,$W11)) | P11: =IF($W11="","",INDEX('Eredmény'!$BE$2:$BE$201,$W11)) | Q11: =IF($W11="","",INDEX('Eredmény'!$BF$2:$BF$201,$W11)) | R11: =IF($W11="","",INDEX('Eredmény'!$BG$2:$BG$201,$W11)) | S11: =IF($W11="","",INDEX('Eredmény'!$AT$2:$AT$201,$W11)) | T11: =IF($W11="","",INDEX('Eredmény'!$AV$2:$AV$201,$W11)) | U11: =IF($W11="","",INDEX('Eredmény'!$BI$2:$BI$201,$W11)) | W11: =IFERROR(MATCH(LARGE('Eredmény'!$DY$2:$DY$201,7),'Eredmény'!$DY$2:$DY$201,0),"")
A12: =IF($W12="","",INDEX('Eredmény'!$AO$2:$AO$201,$W12)) | B12: =IF($W12="","",INDEX('Eredmény'!$A$2:$A$201,$W12)) | C12: =IF($W12="","",INDEX('Eredmény'!$AM$2:$AM$201,$W12)) | D12: =IF($W12="","",INDEX('Eredmény'!$AN$2:$AN$201,$W12)) | E12: =IF($W12="","",INDEX('Eredmény'!$AQ$2:$AQ$201,$W12)) | F12: =IF($W12="","",INDEX('Eredmény'!$AR$2:$AR$201,$W12)) | G12: =IF($W12="","",INDEX('Eredmény'!$AS$2:$AS$201,$W12)) | H12: =IF($W12="","",INDEX('Eredmény'!$AI$2:$AI$201,$W12)) | I12: =IF($W12="","",INDEX('Eredmény'!$AJ$2:$AJ$201,$W12)) | J12: =IF($W12="","",INDEX('Eredmény'!$AK$2:$AK$201,$W12)) | K12: =IF($W12="","",INDEX('Eredmény'!$AL$2:$AL$201,$W12)) | L12: =IF($W12="","",INDEX('Eredmény'!$AZ$2:$AZ$201,$W12)) | M12: =IF($W12="","",INDEX('Eredmény'!$BB$2:$BB$201,$W12)) | N12: =IF($W12="","",INDEX('Eredmény'!$BC$2:$BC$201,$W12)) | O12: =IF($W12="","",INDEX('Eredmény'!$BD$2:$BD$201,$W12)) | P12: =IF($W12="","",INDEX('Eredmény'!$BE$2:$BE$201,$W12)) | Q12: =IF($W12="","",INDEX('Eredmény'!$BF$2:$BF$201,$W12)) | R12: =IF($W12="","",INDEX('Eredmény'!$BG$2:$BG$201,$W12)) | S12: =IF($W12="","",INDEX('Eredmény'!$AT$2:$AT$201,$W12)) | T12: =IF($W12="","",INDEX('Eredmény'!$AV$2:$AV$201,$W12)) | U12: =IF($W12="","",INDEX('Eredmény'!$BI$2:$BI$201,$W12)) | W12: =IFERROR(MATCH(LARGE('Eredmény'!$DY$2:$DY$201,8),'Eredmény'!$DY$2:$DY$201,0),"")
A13: =IF($W13="","",INDEX('Eredmény'!$AO$2:$AO$201,$W13)) | B13: =IF($W13="","",INDEX('Eredmény'!$A$2:$A$201,$W13)) | C13: =IF($W13="","",INDEX('Eredmény'!$AM$2:$AM$201,$W13)) | D13: =IF($W13="","",INDEX('Eredmény'!$AN$2:$AN$201,$W13)) | E13: =IF($W13="","",INDEX('Eredmény'!$AQ$2:$AQ$201,$W13)) | F13: =IF($W13="","",INDEX('Eredmény'!$AR$2:$AR$201,$W13)) | G13: =IF($W13="","",INDEX('Eredmény'!$AS$2:$AS$201,$W13)) | H13: =IF($W13="","",INDEX('Eredmény'!$AI$2:$AI$201,$W13)) | I13: =IF($W13="","",INDEX('Eredmény'!$AJ$2:$AJ$201,$W13)) | J13: =IF($W13="","",INDEX('Eredmény'!$AK$2:$AK$201,$W13)) | K13: =IF($W13="","",INDEX('Eredmény'!$AL$2:$AL$201,$W13)) | L13: =IF($W13="","",INDEX('Eredmény'!$AZ$2:$AZ$201,$W13)) | M13: =IF($W13="","",INDEX('Eredmény'!$BB$2:$BB$201,$W13)) | N13: =IF($W13="","",INDEX('Eredmény'!$BC$2:$BC$201,$W13)) | O13: =IF($W13="","",INDEX('Eredmény'!$BD$2:$BD$201,$W13)) | P13: =IF($W13="","",INDEX('Eredmény'!$BE$2:$BE$201,$W13)) | Q13: =IF($W13="","",INDEX('Eredmény'!$BF$2:$BF$201,$W13)) | R13: =IF($W13="","",INDEX('Eredmény'!$BG$2:$BG$201,$W13)) | S13: =IF($W13="","",INDEX('Eredmény'!$AT$2:$AT$201,$W13)) | T13: =IF($W13="","",INDEX('Eredmény'!$AV$2:$AV$201,$W13)) | U13: =IF($W13="","",INDEX('Eredmény'!$BI$2:$BI$201,$W13)) | W13: =IFERROR(MATCH(LARGE('Eredmény'!$DY$2:$DY$201,9),'Eredmény'!$DY$2:$DY$201,0),"")
A14: =IF($W14="","",INDEX('Eredmény'!$AO$2:$AO$201,$W14)) | B14: =IF($W14="","",INDEX('Eredmény'!$A$2:$A$201,$W14)) | C14: =IF($W14="","",INDEX('Eredmény'!$AM$2:$AM$201,$W14)) | D14: =IF($W14="","",INDEX('Eredmény'!$AN$2:$AN$201,$W14)) | E14: =IF($W14="","",INDEX('Eredmény'!$AQ$2:$AQ$201,$W14)) | F14: =IF($W14="","",INDEX('Eredmény'!$AR$2:$AR$201,$W14)) | G14: =IF($W14="","",INDEX('Eredmény'!$AS$2:$AS$201,$W14)) | H14: =IF($W14="","",INDEX('Eredmény'!$AI$2:$AI$201,$W14)) | I14: =IF($W14="","",INDEX('Eredmény'!$AJ$2:$AJ$201,$W14)) | J14: =IF($W14="","",INDEX('Eredmény'!$AK$2:$AK$201,$W14)) | K14: =IF($W14="","",INDEX('Eredmény'!$AL$2:$AL$201,$W14)) | L14: =IF($W14="","",INDEX('Eredmény'!$AZ$2:$AZ$201,$W14)) | M14: =IF($W14="","",INDEX('Eredmény'!$BB$2:$BB$201,$W14)) | N14: =IF($W14="","",INDEX('Eredmény'!$BC$2:$BC$201,$W14)) | O14: =IF($W14="","",INDEX('Eredmény'!$BD$2:$BD$201,$W14)) | P14: =IF($W14="","",INDEX('Eredmény'!$BE$2:$BE$201,$W14)) | Q14: =IF($W14="","",INDEX('Eredmény'!$BF$2:$BF$201,$W14)) | R14: =IF($W14="","",INDEX('Eredmény'!$BG$2:$BG$201,$W14)) | S14: =IF($W14="","",INDEX('Eredmény'!$AT$2:$AT$201,$W14)) | T14: =IF($W14="","",INDEX('Eredmény'!$AV$2:$AV$201,$W14)) | U14: =IF($W14="","",INDEX('Eredmény'!$BI$2:$BI$201,$W14)) | W14: =IFERROR(MATCH(LARGE('Eredmény'!$DY$2:$DY$201,10),'Eredmény'!$DY$2:$DY$201,0),"")
A15: =IF($W15="","",INDEX('Eredmény'!$AO$2:$AO$201,$W15)) | B15: =IF($W15="","",INDEX('Eredmény'!$A$2:$A$201,$W15)) | C15: =IF($W15="","",INDEX('Eredmény'!$AM$2:$AM$201,$W15)) | D15: =IF($W15="","",INDEX('Eredmény'!$AN$2:$AN$201,$W15)) | E15: =IF($W15="","",INDEX('Eredmény'!$AQ$2:$AQ$201,$W15)) | F15: =IF($W15="","",INDEX('Eredmény'!$AR$2:$AR$201,$W15)) | G15: =IF($W15="","",INDEX('Eredmény'!$AS$2:$AS$201,$W15)) | H15: =IF($W15="","",INDEX('Eredmény'!$AI$2:$AI$201,$W15)) | I15: =IF($W15="","",INDEX('Eredmény'!$AJ$2:$AJ$201,$W15)) | J15: =IF($W15="","",INDEX('Eredmény'!$AK$2:$AK$201,$W15)) | K15: =IF($W15="","",INDEX('Eredmény'!$AL$2:$AL$201,$W15)) | L15: =IF($W15="","",INDEX('Eredmény'!$AZ$2:$AZ$201,$W15)) | M15: =IF($W15="","",INDEX('Eredmény'!$BB$2:$BB$201,$W15)) | N15: =IF($W15="","",INDEX('Eredmény'!$BC$2:$BC$201,$W15)) | O15: =IF($W15="","",INDEX('Eredmény'!$BD$2:$BD$201,$W15)) | P15: =IF($W15="","",INDEX('Eredmény'!$BE$2:$BE$201,$W15)) | Q15: =IF($W15="","",INDEX('Eredmény'!$BF$2:$BF$201,$W15)) | R15: =IF($W15="","",INDEX('Eredmény'!$BG$2:$BG$201,$W15)) | S15: =IF($W15="","",INDEX('Eredmény'!$AT$2:$AT$201,$W15)) | T15: =IF($W15="","",INDEX('Eredmény'!$AV$2:$AV$201,$W15)) | U15: =IF($W15="","",INDEX('Eredmény'!$BI$2:$BI$201,$W15)) | W15: =IFERROR(MATCH(LARGE('Eredmény'!$DY$2:$DY$201,11),'Eredmény'!$DY$2:$DY$201,0),"")
A16: =IF($W16="","",INDEX('Eredmény'!$AO$2:$AO$201,$W16)) | B16: =IF($W16="","",INDEX('Eredmény'!$A$2:$A$201,$W16)) | C16: =IF($W16="","",INDEX('Eredmény'!$AM$2:$AM$201,$W16)) | D16: =IF($W16="","",INDEX('Eredmény'!$AN$2:$AN$201,$W16)) | E16: =IF($W16="","",INDEX('Eredmény'!$AQ$2:$AQ$201,$W16)) | F16: =IF($W16="","",INDEX('Eredmény'!$AR$2:$AR$201,$W16)) | G16: =IF($W16="","",INDEX('Eredmény'!$AS$2:$AS$201,$W16)) | H16: =IF($W16="","",INDEX('Eredmény'!$AI$2:$AI$201,$W16)) | I16: =IF($W16="","",INDEX('Eredmény'!$AJ$2:$AJ$201,$W16)) | J16: =IF($W16="","",INDEX('Eredmény'!$AK$2:$AK$201,$W16)) | K16: =IF($W16="","",INDEX('Eredmény'!$AL$2:$AL$201,$W16)) | L16: =IF($W16="","",INDEX('Eredmény'!$AZ$2:$AZ$201,$W16)) | M16: =IF($W16="","",INDEX('Eredmény'!$BB$2:$BB$201,$W16)) | N16: =IF($W16="","",INDEX('Eredmény'!$BC$2:$BC$201,$W16)) | O16: =IF($W16="","",INDEX('Eredmény'!$BD$2:$BD$201,$W16)) | P16: =IF($W16="","",INDEX('Eredmény'!$BE$2:$BE$201,$W16)) | Q16: =IF($W16="","",INDEX('Eredmény'!$BF$2:$BF$201,$W16)) | R16: =IF($W16="","",INDEX('Eredmény'!$BG$2:$BG$201,$W16)) | S16: =IF($W16="","",INDEX('Eredmény'!$AT$2:$AT$201,$W16)) | T16: =IF($W16="","",INDEX('Eredmény'!$AV$2:$AV$201,$W16)) | U16: =IF($W16="","",INDEX('Eredmény'!$BI$2:$BI$201,$W16)) | W16: =IFERROR(MATCH(LARGE('Eredmény'!$DY$2:$DY$201,12),'Eredmény'!$DY$2:$DY$201,0),"")
A17: =IF($W17="","",INDEX('Eredmény'!$AO$2:$AO$201,$W17)) | B17: =IF($W17="","",INDEX('Eredmény'!$A$2:$A$201,$W17)) | C17: =IF($W17="","",INDEX('Eredmény'!$AM$2:$AM$201,$W17)) | D17: =IF($W17="","",INDEX('Eredmény'!$AN$2:$AN$201,$W17)) | E17: =IF($W17="","",INDEX('Eredmény'!$AQ$2:$AQ$201,$W17)) | F17: =IF($W17="","",INDEX('Eredmény'!$AR$2:$AR$201,$W17)) | G17: =IF($W17="","",INDEX('Eredmény'!$AS$2:$AS$201,$W17)) | H17: =IF($W17="","",INDEX('Eredmény'!$AI$2:$AI$201,$W17)) | I17: =IF($W17="","",INDEX('Eredmény'!$AJ$2:$AJ$201,$W17)) | J17: =IF($W17="","",INDEX('Eredmény'!$AK$2:$AK$201,$W17)) | K17: =IF($W17="","",INDEX('Eredmény'!$AL$2:$AL$201,$W17)) | L17: =IF($W17="","",INDEX('Eredmény'!$AZ$2:$AZ$201,$W17)) | M17: =IF($W17="","",INDEX('Eredmény'!$BB$2:$BB$201,$W17)) | N17: =IF($W17="","",INDEX('Eredmény'!$BC$2:$BC$201,$W17)) | O17: =IF($W17="","",INDEX('Eredmény'!$BD$2:$BD$201,$W17)) | P17: =IF($W17="","",INDEX('Eredmény'!$BE$2:$BE$201,$W17)) | Q17: =IF($W17="","",INDEX('Eredmény'!$BF$2:$BF$201,$W17)) | R17: =IF($W17="","",INDEX('Eredmény'!$BG$2:$BG$201,$W17)) | S17: =IF($W17="","",INDEX('Eredmény'!$AT$2:$AT$201,$W17)) | T17: =IF($W17="","",INDEX('Eredmény'!$AV$2:$AV$201,$W17)) | U17: =IF($W17="","",INDEX('Eredmény'!$BI$2:$BI$201,$W17)) | W17: =IFERROR(MATCH(LARGE('Eredmény'!$DY$2:$DY$201,13),'Eredmény'!$DY$2:$DY$201,0),"")
A18: =IF($W18="","",INDEX('Eredmény'!$AO$2:$AO$201,$W18)) | B18: =IF($W18="","",INDEX('Eredmény'!$A$2:$A$201,$W18)) | C18: =IF($W18="","",INDEX('Eredmény'!$AM$2:$AM$201,$W18)) | D18: =IF($W18="","",INDEX('Eredmény'!$AN$2:$AN$201,$W18)) | E18: =IF($W18="","",INDEX('Eredmény'!$AQ$2:$AQ$201,$W18)) | F18: =IF($W18="","",INDEX('Eredmény'!$AR$2:$AR$201,$W18)) | G18: =IF($W18="","",INDEX('Eredmény'!$AS$2:$AS$201,$W18)) | H18: =IF($W18="","",INDEX('Eredmény'!$AI$2:$AI$201,$W18)) | I18: =IF($W18="","",INDEX('Eredmény'!$AJ$2:$AJ$201,$W18)) | J18: =IF($W18="","",INDEX('Eredmény'!$AK$2:$AK$201,$W18)) | K18: =IF($W18="","",INDEX('Eredmény'!$AL$2:$AL$201,$W18)) | L18: =IF($W18="","",INDEX('Eredmény'!$AZ$2:$AZ$201,$W18)) | M18: =IF($W18="","",INDEX('Eredmény'!$BB$2:$BB$201,$W18)) | N18: =IF($W18="","",INDEX('Eredmény'!$BC$2:$BC$201,$W18)) | O18: =IF($W18="","",INDEX('Eredmény'!$BD$2:$BD$201,$W18)) | P18: =IF($W18="","",INDEX('Eredmény'!$BE$2:$BE$201,$W18)) | Q18: =IF($W18="","",INDEX('Eredmény'!$BF$2:$BF$201,$W18)) | R18: =IF($W18="","",INDEX('Eredmény'!$BG$2:$BG$201,$W18)) | S18: =IF($W18="","",INDEX('Eredmény'!$AT$2:$AT$201,$W18)) | T18: =IF($W18="","",INDEX('Eredmény'!$AV$2:$AV$201,$W18)) | U18: =IF($W18="","",INDEX('Eredmény'!$BI$2:$BI$201,$W18)) | W18: =IFERROR(MATCH(LARGE('Eredmény'!$DY$2:$DY$201,14),'Eredmény'!$DY$2:$DY$201,0),"")
A19: =IF($W19="","",INDEX('Eredmény'!$AO$2:$AO$201,$W19)) | B19: =IF($W19="","",INDEX('Eredmény'!$A$2:$A$201,$W19)) | C19: =IF($W19="","",INDEX('Eredmény'!$AM$2:$AM$201,$W19)) | D19: =IF($W19="","",INDEX('Eredmény'!$AN$2:$AN$201,$W19)) | E19: =IF($W19="","",INDEX('Eredmény'!$AQ$2:$AQ$201,$W19)) | F19: =IF($W19="","",INDEX('Eredmény'!$AR$2:$AR$201,$W19)) | G19: =IF($W19="","",INDEX('Eredmény'!$AS$2:$AS$201,$W19)) | H19: =IF($W19="","",INDEX('Eredmény'!$AI$2:$AI$201,$W19)) | I19: =IF($W19="","",INDEX('Eredmény'!$AJ$2:$AJ$201,$W19)) | J19: =IF($W19="","",INDEX('Eredmény'!$AK$2:$AK$201,$W19)) | K19: =IF($W19="","",INDEX('Eredmény'!$AL$2:$AL$201,$W19)) | L19: =IF($W19="","",INDEX('Eredmény'!$AZ$2:$AZ$201,$W19)) | M19: =IF($W19="","",INDEX('Eredmény'!$BB$2:$BB$201,$W19)) | N19: =IF($W19="","",INDEX('Eredmény'!$BC$2:$BC$201,$W19)) | O19: =IF($W19="","",INDEX('Eredmény'!$BD$2:$BD$201,$W19)) | P19: =IF($W19="","",INDEX('Eredmény'!$BE$2:$BE$201,$W19)) | Q19: =IF($W19="","",INDEX('Eredmény'!$BF$2:$BF$201,$W19)) | R19: =IF($W19="","",INDEX('Eredmény'!$BG$2:$BG$201,$W19)) | S19: =IF($W19="","",INDEX('Eredmény'!$AT$2:$AT$201,$W19)) | T19: =IF($W19="","",INDEX('Eredmény'!$AV$2:$AV$201,$W19)) | U19: =IF($W19="","",INDEX('Eredmény'!$BI$2:$BI$201,$W19)) | W19: =IFERROR(MATCH(LARGE('Eredmény'!$DY$2:$DY$201,15),'Eredmény'!$DY$2:$DY$201,0),"")
A20: =IF($W20="","",INDEX('Eredmény'!$AO$2:$AO$201,$W20)) | B20: =IF($W20="","",INDEX('Eredmény'!$A$2:$A$201,$W20)) | C20: =IF($W20="","",INDEX('Eredmény'!$AM$2:$AM$201,$W20)) | D20: =IF($W20="","",INDEX('Eredmény'!$AN$2:$AN$201,$W20)) | E20: =IF($W20="","",INDEX('Eredmény'!$AQ$2:$AQ$201,$W20)) | F20: =IF($W20="","",INDEX('Eredmény'!$AR$2:$AR$201,$W20)) | G20: =IF($W20="","",INDEX('Eredmény'!$AS$2:$AS$201,$W20)) | H20: =IF($W20="","",INDEX('Eredmény'!$AI$2:$AI$201,$W20)) | I20: =IF($W20="","",INDEX('Eredmény'!$AJ$2:$AJ$201,$W20)) | J20: =IF($W20="","",INDEX('Eredmény'!$AK$2:$AK$201,$W20)) | K20: =IF($W20="","",INDEX('Eredmény'!$AL$2:$AL$201,$W20)) | L20: =IF($W20="","",INDEX('Eredmény'!$AZ$2:$AZ$201,$W20)) | M20: =IF($W20="","",INDEX('Eredmény'!$BB$2:$BB$201,$W20)) | N20: =IF($W20="","",INDEX('Eredmény'!$BC$2:$BC$201,$W20)) | O20: =IF($W20="","",INDEX('Eredmény'!$BD$2:$BD$201,$W20)) | P20: =IF($W20="","",INDEX('Eredmény'!$BE$2:$BE$201,$W20)) | Q20: =IF($W20="","",INDEX('Eredmény'!$BF$2:$BF$201,$W20)) | R20: =IF($W20="","",INDEX('Eredmény'!$BG$2:$BG$201,$W20)) | S20: =IF($W20="","",INDEX('Eredmény'!$AT$2:$AT$201,$W20)) | T20: =IF($W20="","",INDEX('Eredmény'!$AV$2:$AV$201,$W20)) | U20: =IF($W20="","",INDEX('Eredmény'!$BI$2:$BI$201,$W20)) | W20: =IFERROR(MATCH(LARGE('Eredmény'!$DY$2:$DY$201,16),'Eredmény'!$DY$2:$DY$201,0),"")
A21: =IF($W21="","",INDEX('Eredmény'!$AO$2:$AO$201,$W21)) | B21: =IF($W21="","",INDEX('Eredmény'!$A$2:$A$201,$W21)) | C21: =IF($W21="","",INDEX('Eredmény'!$AM$2:$AM$201,$W21)) | D21: =IF($W21="","",INDEX('Eredmény'!$AN$2:$AN$201,$W21)) | E21: =IF($W21="","",INDEX('Eredmény'!$AQ$2:$AQ$201,$W21)) | F21: =IF($W21="","",INDEX('Eredmény'!$AR$2:$AR$201,$W21)) | G21: =IF($W21="","",INDEX('Eredmény'!$AS$2:$AS$201,$W21)) | H21: =IF($W21="","",INDEX('Eredmény'!$AI$2:$AI$201,$W21)) | I21: =IF($W21="","",INDEX('Eredmény'!$AJ$2:$AJ$201,$W21)) | J21: =IF($W21="","",INDEX('Eredmény'!$AK$2:$AK$201,$W21)) | K21: =IF($W21="","",INDEX('Eredmény'!$AL$2:$AL$201,$W21)) | L21: =IF($W21="","",INDEX('Eredmény'!$AZ$2:$AZ$201,$W21)) | M21: =IF($W21="","",INDEX('Eredmény'!$BB$2:$BB$201,$W21)) | N21: =IF($W21="","",INDEX('Eredmény'!$BC$2:$BC$201,$W21)) | O21: =IF($W21="","",INDEX('Eredmény'!$BD$2:$BD$201,$W21)) | P21: =IF($W21="","",INDEX('Eredmény'!$BE$2:$BE$201,$W21)) | Q21: =IF($W21="","",INDEX('Eredmény'!$BF$2:$BF$201,$W21)) | R21: =IF($W21="","",INDEX('Eredmény'!$BG$2:$BG$201,$W21)) | S21: =IF($W21="","",INDEX('Eredmény'!$AT$2:$AT$201,$W21)) | T21: =IF($W21="","",INDEX('Eredmény'!$AV$2:$AV$201,$W21)) | U21: =IF($W21="","",INDEX('Eredmény'!$BI$2:$BI$201,$W21)) | W21: =IFERROR(MATCH(LARGE('Eredmény'!$DY$2:$DY$201,17),'Eredmény'!$DY$2:$DY$201,0),"")
A22: =IF($W22="","",INDEX('Eredmény'!$AO$2:$AO$201,$W22)) | B22: =IF($W22="","",INDEX('Eredmény'!$A$2:$A$201,$W22)) | C22: =IF($W22="","",INDEX('Eredmény'!$AM$2:$AM$201,$W22)) | D22: =IF($W22="","",INDEX('Eredmény'!$AN$2:$AN$201,$W22)) | E22: =IF($W22="","",INDEX('Eredmény'!$AQ$2:$AQ$201,$W22)) | F22: =IF($W22="","",INDEX('Eredmény'!$AR$2:$AR$201,$W22)) | G22: =IF($W22="","",INDEX('Eredmény'!$AS$2:$AS$201,$W22)) | H22: =IF($W22="","",INDEX('Eredmény'!$AI$2:$AI$201,$W22)) | I22: =IF($W22="","",INDEX('Eredmény'!$AJ$2:$AJ$201,$W22)) | J22: =IF($W22="","",INDEX('Eredmény'!$AK$2:$AK$201,$W22)) | K22: =IF($W22="","",INDEX('Eredmény'!$AL$2:$AL$201,$W22)) | L22: =IF($W22="","",INDEX('Eredmény'!$AZ$2:$AZ$201,$W22)) | M22: =IF($W22="","",INDEX('Eredmény'!$BB$2:$BB$201,$W22)) | N22: =IF($W22="","",INDEX('Eredmény'!$BC$2:$BC$201,$W22)) | O22: =IF($W22="","",INDEX('Eredmény'!$BD$2:$BD$201,$W22)) | P22: =IF($W22="","",INDEX('Eredmény'!$BE$2:$BE$201,$W22)) | Q22: =IF($W22="","",INDEX('Eredmény'!$BF$2:$BF$201,$W22)) | R22: =IF($W22="","",INDEX('Eredmény'!$BG$2:$BG$201,$W22)) | S22: =IF($W22="","",INDEX('Eredmény'!$AT$2:$AT$201,$W22)) | T22: =IF($W22="","",INDEX('Eredmény'!$AV$2:$AV$201,$W22)) | U22: =IF($W22="","",INDEX('Eredmény'!$BI$2:$BI$201,$W22)) | W22: =IFERROR(MATCH(LARGE('Eredmény'!$DY$2:$DY$201,18),'Eredmény'!$DY$2:$DY$201,0),"")
A23: =IF($W23="","",INDEX('Eredmény'!$AO$2:$AO$201,$W23)) | B23: =IF($W23="","",INDEX('Eredmény'!$A$2:$A$201,$W23)) | C23: =IF($W23="","",INDEX('Eredmény'!$AM$2:$AM$201,$W23)) | D23: =IF($W23="","",INDEX('Eredmény'!$AN$2:$AN$201,$W23)) | E23: =IF($W23="","",INDEX('Eredmény'!$AQ$2:$AQ$201,$W23)) | F23: =IF($W23="","",INDEX('Eredmény'!$AR$2:$AR$201,$W23)) | G23: =IF($W23="","",INDEX('Eredmény'!$AS$2:$AS$201,$W23)) | H23: =IF($W23="","",INDEX('Eredmény'!$AI$2:$AI$201,$W23)) | I23: =IF($W23="","",INDEX('Eredmény'!$AJ$2:$AJ$201,$W23)) | J23: =IF($W23="","",INDEX('Eredmény'!$AK$2:$AK$201,$W23)) | K23: =IF($W23="","",INDEX('Eredmény'!$AL$2:$AL$201,$W23)) | L23: =IF($W23="","",INDEX('Eredmény'!$AZ$2:$AZ$201,$W23)) | M23: =IF($W23="","",INDEX('Eredmény'!$BB$2:$BB$201,$W23)) | N23: =IF($W23="","",INDEX('Eredmény'!$BC$2:$BC$201,$W23)) | O23: =IF($W23="","",INDEX('Eredmény'!$BD$2:$BD$201,$W23)) | P23: =IF($W23="","",INDEX('Eredmény'!$BE$2:$BE$201,$W23)) | Q23: =IF($W23="","",INDEX('Eredmény'!$BF$2:$BF$201,$W23)) | R23: =IF($W23="","",INDEX('Eredmény'!$BG$2:$BG$201,$W23)) | S23: =IF($W23="","",INDEX('Eredmény'!$AT$2:$AT$201,$W23)) | T23: =IF($W23="","",INDEX('Eredmény'!$AV$2:$AV$201,$W23)) | U23: =IF($W23="","",INDEX('Eredmény'!$BI$2:$BI$201,$W23)) | W23: =IFERROR(MATCH(LARGE('Eredmény'!$DY$2:$DY$201,19),'Eredmény'!$DY$2:$DY$201,0),"")
A24: =IF($W24="","",INDEX('Eredmény'!$AO$2:$AO$201,$W24)) | B24: =IF($W24="","",INDEX('Eredmény'!$A$2:$A$201,$W24)) | C24: =IF($W24="","",INDEX('Eredmény'!$AM$2:$AM$201,$W24)) | D24: =IF($W24="","",INDEX('Eredmény'!$AN$2:$AN$201,$W24)) | E24: =IF($W24="","",INDEX('Eredmény'!$AQ$2:$AQ$201,$W24)) | F24: =IF($W24="","",INDEX('Eredmény'!$AR$2:$AR$201,$W24)) | G24: =IF($W24="","",INDEX('Eredmény'!$AS$2:$AS$201,$W24)) | H24: =IF($W24="","",INDEX('Eredmény'!$AI$2:$AI$201,$W24)) | I24: =IF($W24="","",INDEX('Eredmény'!$AJ$2:$AJ$201,$W24)) | J24: =IF($W24="","",INDEX('Eredmény'!$AK$2:$AK$201,$W24)) | K24: =IF($W24="","",INDEX('Eredmény'!$AL$2:$AL$201,$W24)) | L24: =IF($W24="","",INDEX('Eredmény'!$AZ$2:$AZ$201,$W24)) | M24: =IF($W24="","",INDEX('Eredmény'!$BB$2:$BB$201,$W24)) | N24: =IF($W24="","",INDEX('Eredmény'!$BC$2:$BC$201,$W24)) | O24: =IF($W24="","",INDEX('Eredmény'!$BD$2:$BD$201,$W24)) | P24: =IF($W24="","",INDEX('Eredmény'!$BE$2:$BE$201,$W24)) | Q24: =IF($W24="","",INDEX('Eredmény'!$BF$2:$BF$201,$W24)) | R24: =IF($W24="","",INDEX('Eredmény'!$BG$2:$BG$201,$W24)) | S24: =IF($W24="","",INDEX('Eredmény'!$AT$2:$AT$201,$W24)) | T24: =IF($W24="","",INDEX('Eredmény'!$AV$2:$AV$201,$W24)) | U24: =IF($W24="","",INDEX('Eredmény'!$BI$2:$BI$201,$W24)) | W24: =IFERROR(MATCH(LARGE('Eredmény'!$DY$2:$DY$201,20),'Eredmény'!$DY$2:$DY$201,0),"")
A25: =IF($W25="","",INDEX('Eredmény'!$AO$2:$AO$201,$W25)) | B25: =IF($W25="","",INDEX('Eredmény'!$A$2:$A$201,$W25)) | C25: =IF($W25="","",INDEX('Eredmény'!$AM$2:$AM$201,$W25)) | D25: =IF($W25="","",INDEX('Eredmény'!$AN$2:$AN$201,$W25)) | E25: =IF($W25="","",INDEX('Eredmény'!$AQ$2:$AQ$201,$W25)) | F25: =IF($W25="","",INDEX('Eredmény'!$AR$2:$AR$201,$W25)) | G25: =IF($W25="","",INDEX('Eredmény'!$AS$2:$AS$201,$W25)) | H25: =IF($W25="","",INDEX('Eredmény'!$AI$2:$AI$201,$W25)) | I25: =IF($W25="","",INDEX('Eredmény'!$AJ$2:$AJ$201,$W25)) | J25: =IF($W25="","",INDEX('Eredmény'!$AK$2:$AK$201,$W25)) | K25: =IF($W25="","",INDEX('Eredmény'!$AL$2:$AL$201,$W25)) | L25: =IF($W25="","",INDEX('Eredmény'!$AZ$2:$AZ$201,$W25)) | M25: =IF($W25="","",INDEX('Eredmény'!$BB$2:$BB$201,$W25)) | N25: =IF($W25="","",INDEX('Eredmény'!$BC$2:$BC$201,$W25)) | O25: =IF($W25="","",INDEX('Eredmény'!$BD$2:$BD$201,$W25)) | P25: =IF($W25="","",INDEX('Eredmény'!$BE$2:$BE$201,$W25)) | Q25: =IF($W25="","",INDEX('Eredmény'!$BF$2:$BF$201,$W25)) | R25: =IF($W25="","",INDEX('Eredmény'!$BG$2:$BG$201,$W25)) | S25: =IF($W25="","",INDEX('Eredmény'!$AT$2:$AT$201,$W25)) | T25: =IF($W25="","",INDEX('Eredmény'!$AV$2:$AV$201,$W25)) | U25: =IF($W25="","",INDEX('Eredmény'!$BI$2:$BI$201,$W25)) | W25: =IFERROR(MATCH(LARGE('Eredmény'!$DY$2:$DY$201,21),'Eredmény'!$DY$2:$DY$201,0),"")
A26: =IF($W26="","",INDEX('Eredmény'!$AO$2:$AO$201,$W26)) | B26: =IF($W26="","",INDEX('Eredmény'!$A$2:$A$201,$W26)) | C26: =IF($W26="","",INDEX('Eredmény'!$AM$2:$AM$201,$W26)) | D26: =IF($W26="","",INDEX('Eredmény'!$AN$2:$AN$201,$W26)) | E26: =IF($W26="","",INDEX('Eredmény'!$AQ$2:$AQ$201,$W26)) | F26: =IF($W26="","",INDEX('Eredmény'!$AR$2:$AR$201,$W26)) | G26: =IF($W26="","",INDEX('Eredmény'!$AS$2:$AS$201,$W26)) | H26: =IF($W26="","",INDEX('Eredmény'!$AI$2:$AI$201,$W26)) | I26: =IF($W26="","",INDEX('Eredmény'!$AJ$2:$AJ$201,$W26)) | J26: =IF($W26="","",INDEX('Eredmény'!$AK$2:$AK$201,$W26)) | K26: =IF($W26="","",INDEX('Eredmény'!$AL$2:$AL$201,$W26)) | L26: =IF($W26="","",INDEX('Eredmény'!$AZ$2:$AZ$201,$W26)) | M26: =IF($W26="","",INDEX('Eredmény'!$BB$2:$BB$201,$W26)) | N26: =IF($W26="","",INDEX('Eredmény'!$BC$2:$BC$201,$W26)) | O26: =IF($W26="","",INDEX('Eredmény'!$BD$2:$BD$201,$W26)) | P26: =IF($W26="","",INDEX('Eredmény'!$BE$2:$BE$201,$W26)) | Q26: =IF($W26="","",INDEX('Eredmény'!$BF$2:$BF$201,$W26)) | R26: =IF($W26="","",INDEX('Eredmény'!$BG$2:$BG$201,$W26)) | S26: =IF($W26="","",INDEX('Eredmény'!$AT$2:$AT$201,$W26)) | T26: =IF($W26="","",INDEX('Eredmény'!$AV$2:$AV$201,$W26)) | U26: =IF($W26="","",INDEX('Eredmény'!$BI$2:$BI$201,$W26)) | W26: =IFERROR(MATCH(LARGE('Eredmény'!$DY$2:$DY$201,22),'Eredmény'!$DY$2:$DY$201,0),"")
A27: =IF($W27="","",INDEX('Eredmény'!$AO$2:$AO$201,$W27)) | B27: =IF($W27="","",INDEX('Eredmény'!$A$2:$A$201,$W27)) | C27: =IF($W27="","",INDEX('Eredmény'!$AM$2:$AM$201,$W27)) | D27: =IF($W27="","",INDEX('Eredmény'!$AN$2:$AN$201,$W27)) | E27: =IF($W27="","",INDEX('Eredmény'!$AQ$2:$AQ$201,$W27)) | F27: =IF($W27="","",INDEX('Eredmény'!$AR$2:$AR$201,$W27)) | G27: =IF($W27="","",INDEX('Eredmény'!$AS$2:$AS$201,$W27)) | H27: =IF($W27="","",INDEX('Eredmény'!$AI$2:$AI$201,$W27)) | I27: =IF($W27="","",INDEX('Eredmény'!$AJ$2:$AJ$201,$W27)) | J27: =IF($W27="","",INDEX('Eredmény'!$AK$2:$AK$201,$W27)) | K27: =IF($W27="","",INDEX('Eredmény'!$AL$2:$AL$201,$W27)) | L27: =IF($W27="","",INDEX('Eredmény'!$AZ$2:$AZ$201,$W27)) | M27: =IF($W27="","",INDEX('Eredmény'!$BB$2:$BB$201,$W27)) | N27: =IF($W27="","",INDEX('Eredmény'!$BC$2:$BC$201,$W27)) | O27: =IF($W27="","",INDEX('Eredmény'!$BD$2:$BD$201,$W27)) | P27: =IF($W27="","",INDEX('Eredmény'!$BE$2:$BE$201,$W27)) | Q27: =IF($W27="","",INDEX('Eredmény'!$BF$2:$BF$201,$W27)) | R27: =IF($W27="","",INDEX('Eredmény'!$BG$2:$BG$201,$W27)) | S27: =IF($W27="","",INDEX('Eredmény'!$AT$2:$AT$201,$W27)) | T27: =IF($W27="","",INDEX('Eredmény'!$AV$2:$AV$201,$W27)) | U27: =IF($W27="","",INDEX('Eredmény'!$BI$2:$BI$201,$W27)) | W27: =IFERROR(MATCH(LARGE('Eredmény'!$DY$2:$DY$201,23),'Eredmény'!$DY$2:$DY$201,0),"")
A28: =IF($W28="","",INDEX('Eredmény'!$AO$2:$AO$201,$W28)) | B28: =IF($W28="","",INDEX('Eredmény'!$A$2:$A$201,$W28)) | C28: =IF($W28="","",INDEX('Eredmény'!$AM$2:$AM$201,$W28)) | D28: =IF($W28="","",INDEX('Eredmény'!$AN$2:$AN$201,$W28)) | E28: =IF($W28="","",INDEX('Eredmény'!$AQ$2:$AQ$201,$W28)) | F28: =IF($W28="","",INDEX('Eredmény'!$AR$2:$AR$201,$W28)) | G28: =IF($W28="","",INDEX('Eredmény'!$AS$2:$AS$201,$W28)) | H28: =IF($W28="","",INDEX('Eredmény'!$AI$2:$AI$201,$W28)) | I28: =IF($W28="","",INDEX('Eredmény'!$AJ$2:$AJ$201,$W28)) | J28: =IF($W28="","",INDEX('Eredmény'!$AK$2:$AK$201,$W28)) | K28: =IF($W28="","",INDEX('Eredmény'!$AL$2:$AL$201,$W28)) | L28: =IF($W28="","",INDEX('Eredmény'!$AZ$2:$AZ$201,$W28)) | M28: =IF($W28="","",INDEX('Eredmény'!$BB$2:$BB$201,$W28)) | N28: =IF($W28="","",INDEX('Eredmény'!$BC$2:$BC$201,$W28)) | O28: =IF($W28="","",INDEX('Eredmény'!$BD$2:$BD$201,$W28)) | P28: =IF($W28="","",INDEX('Eredmény'!$BE$2:$BE$201,$W28)) | Q28: =IF($W28="","",INDEX('Eredmény'!$BF$2:$BF$201,$W28)) | R28: =IF($W28="","",INDEX('Eredmény'!$BG$2:$BG$201,$W28)) | S28: =IF($W28="","",INDEX('Eredmény'!$AT$2:$AT$201,$W28)) | T28: =IF($W28="","",INDEX('Eredmény'!$AV$2:$AV$201,$W28)) | U28: =IF($W28="","",INDEX('Eredmény'!$BI$2:$BI$201,$W28)) | W28: =IFERROR(MATCH(LARGE('Eredmény'!$DY$2:$DY$201,24),'Eredmény'!$DY$2:$DY$201,0),"")
A29: =IF($W29="","",INDEX('Eredmény'!$AO$2:$AO$201,$W29)) | B29: =IF($W29="","",INDEX('Eredmény'!$A$2:$A$201,$W29)) | C29: =IF($W29="","",INDEX('Eredmény'!$AM$2:$AM$201,$W29)) | D29: =IF($W29="","",INDEX('Eredmény'!$AN$2:$AN$201,$W29)) | E29: =IF($W29="","",INDEX('Eredmény'!$AQ$2:$AQ$201,$W29)) | F29: =IF($W29="","",INDEX('Eredmény'!$AR$2:$AR$201,$W29)) | G29: =IF($W29="","",INDEX('Eredmény'!$AS$2:$AS$201,$W29)) | H29: =IF($W29="","",INDEX('Eredmény'!$AI$2:$AI$201,$W29)) | I29: =IF($W29="","",INDEX('Eredmény'!$AJ$2:$AJ$201,$W29)) | J29: =IF($W29="","",INDEX('Eredmény'!$AK$2:$AK$201,$W29)) | K29: =IF($W29="","",INDEX('Eredmény'!$AL$2:$AL$201,$W29)) | L29: =IF($W29="","",INDEX('Eredmény'!$AZ$2:$AZ$201,$W29)) | M29: =IF($W29="","",INDEX('Eredmény'!$BB$2:$BB$201,$W29)) | N29: =IF($W29="","",INDEX('Eredmény'!$BC$2:$BC$201,$W29)) | O29: =IF($W29="","",INDEX('Eredmény'!$BD$2:$BD$201,$W29)) | P29: =IF($W29="","",INDEX('Eredmény'!$BE$2:$BE$201,$W29)) | Q29: =IF($W29="","",INDEX('Eredmény'!$BF$2:$BF$201,$W29)) | R29: =IF($W29="","",INDEX('Eredmény'!$BG$2:$BG$201,$W29)) | S29: =IF($W29="","",INDEX('Eredmény'!$AT$2:$AT$201,$W29)) | T29: =IF($W29="","",INDEX('Eredmény'!$AV$2:$AV$201,$W29)) | U29: =IF($W29="","",INDEX('Eredmény'!$BI$2:$BI$201,$W29)) | W29: =IFERROR(MATCH(LARGE('Eredmény'!$DY$2:$DY$201,25),'Eredmény'!$DY$2:$DY$201,0),"")
A30: =IF($W30="","",INDEX('Eredmény'!$AO$2:$AO$201,$W30)) | B30: =IF($W30="","",INDEX('Eredmény'!$A$2:$A$201,$W30)) | C30: =IF($W30="","",INDEX('Eredmény'!$AM$2:$AM$201,$W30)) | D30: =IF($W30="","",INDEX('Eredmény'!$AN$2:$AN$201,$W30)) | E30: =IF($W30="","",INDEX('Eredmény'!$AQ$2:$AQ$201,$W30)) | F30: =IF($W30="","",INDEX('Eredmény'!$AR$2:$AR$201,$W30)) | G30: =IF($W30="","",INDEX('Eredmény'!$AS$2:$AS$201,$W30)) | H30: =IF($W30="","",INDEX('Eredmény'!$AI$2:$AI$201,$W30)) | I30: =IF($W30="","",INDEX('Eredmény'!$AJ$2:$AJ$201,$W30)) | J30: =IF($W30="","",INDEX('Eredmény'!$AK$2:$AK$201,$W30)) | K30: =IF($W30="","",INDEX('Eredmény'!$AL$2:$AL$201,$W30)) | L30: =IF($W30="","",INDEX('Eredmény'!$AZ$2:$AZ$201,$W30)) | M30: =IF($W30="","",INDEX('Eredmény'!$BB$2:$BB$201,$W30)) | N30: =IF($W30="","",INDEX('Eredmény'!$BC$2:$BC$201,$W30)) | O30: =IF($W30="","",INDEX('Eredmény'!$BD$2:$BD$201,$W30)) | P30: =IF($W30="","",INDEX('Eredmény'!$BE$2:$BE$201,$W30)) | Q30: =IF($W30="","",INDEX('Eredmény'!$BF$2:$BF$201,$W30)) | R30: =IF($W30="","",INDEX('Eredmény'!$BG$2:$BG$201,$W30)) | S30: =IF($W30="","",INDEX('Eredmény'!$AT$2:$AT$201,$W30)) | T30: =IF($W30="","",INDEX('Eredmény'!$AV$2:$AV$201,$W30)) | U30: =IF($W30="","",INDEX('Eredmény'!$BI$2:$BI$201,$W30)) | W30: =IFERROR(MATCH(LARGE('Eredmény'!$DY$2:$DY$201,26),'Eredmény'!$DY$2:$DY$201,0),"")
A31: =IF($W31="","",INDEX('Eredmény'!$AO$2:$AO$201,$W31)) | B31: =IF($W31="","",INDEX('Eredmény'!$A$2:$A$201,$W31)) | C31: =IF($W31="","",INDEX('Eredmény'!$AM$2:$AM$201,$W31)) | D31: =IF($W31="","",INDEX('Eredmény'!$AN$2:$AN$201,$W31)) | E31: =IF($W31="","",INDEX('Eredmény'!$AQ$2:$AQ$201,$W31)) | F31: =IF($W31="","",INDEX('Eredmény'!$AR$2:$AR$201,$W31)) | G31: =IF($W31="","",INDEX('Eredmény'!$AS$2:$AS$201,$W31)) | H31: =IF($W31="","",INDEX('Eredmény'!$AI$2:$AI$201,$W31)) | I31: =IF($W31="","",INDEX('Eredmény'!$AJ$2:$AJ$201,$W31)) | J31: =IF($W31="","",INDEX('Eredmény'!$AK$2:$AK$201,$W31)) | K31: =IF($W31="","",INDEX('Eredmény'!$AL$2:$AL$201,$W31)) | L31: =IF($W31="","",INDEX('Eredmény'!$AZ$2:$AZ$201,$W31)) | M31: =IF($W31="","",INDEX('Eredmény'!$BB$2:$BB$201,$W31)) | N31: =IF($W31="","",INDEX('Eredmény'!$BC$2:$BC$201,$W31)) | O31: =IF($W31="","",INDEX('Eredmény'!$BD$2:$BD$201,$W31)) | P31: =IF($W31="","",INDEX('Eredmény'!$BE$2:$BE$201,$W31)) | Q31: =IF($W31="","",INDEX('Eredmény'!$BF$2:$BF$201,$W31)) | R31: =IF($W31="","",INDEX('Eredmény'!$BG$2:$BG$201,$W31)) | S31: =IF($W31="","",INDEX('Eredmény'!$AT$2:$AT$201,$W31)) | T31: =IF($W31="","",INDEX('Eredmény'!$AV$2:$AV$201,$W31)) | U31: =IF($W31="","",INDEX('Eredmény'!$BI$2:$BI$201,$W31)) | W31: =IFERROR(MATCH(LARGE('Eredmény'!$DY$2:$DY$201,27),'Eredmény'!$DY$2:$DY$201,0),"")
A32: =IF($W32="","",INDEX('Eredmény'!$AO$2:$AO$201,$W32)) | B32: =IF($W32="","",INDEX('Eredmény'!$A$2:$A$201,$W32)) | C32: =IF($W32="","",INDEX('Eredmény'!$AM$2:$AM$201,$W32)) | D32: =IF($W32="","",INDEX('Eredmény'!$AN$2:$AN$201,$W32)) | E32: =IF($W32="","",INDEX('Eredmény'!$AQ$2:$AQ$201,$W32)) | F32: =IF($W32="","",INDEX('Eredmény'!$AR$2:$AR$201,$W32)) | G32: =IF($W32="","",INDEX('Eredmény'!$AS$2:$AS$201,$W32)) | H32: =IF($W32="","",INDEX('Eredmény'!$AI$2:$AI$201,$W32)) | I32: =IF($W32="","",INDEX('Eredmény'!$AJ$2:$AJ$201,$W32)) | J32: =IF($W32="","",INDEX('Eredmény'!$AK$2:$AK$201,$W32)) | K32: =IF($W32="","",INDEX('Eredmény'!$AL$2:$AL$201,$W32)) | L32: =IF($W32="","",INDEX('Eredmény'!$AZ$2:$AZ$201,$W32)) | M32: =IF($W32="","",INDEX('Eredmény'!$BB$2:$BB$201,$W32)) | N32: =IF($W32="","",INDEX('Eredmény'!$BC$2:$BC$201,$W32)) | O32: =IF($W32="","",INDEX('Eredmény'!$BD$2:$BD$201,$W32)) | P32: =IF($W32="","",INDEX('Eredmény'!$BE$2:$BE$201,$W32)) | Q32: =IF($W32="","",INDEX('Eredmény'!$BF$2:$BF$201,$W32)) | R32: =IF($W32="","",INDEX('Eredmény'!$BG$2:$BG$201,$W32)) | S32: =IF($W32="","",INDEX('Eredmény'!$AT$2:$AT$201,$W32)) | T32: =IF($W32="","",INDEX('Eredmény'!$AV$2:$AV$201,$W32)) | U32: =IF($W32="","",INDEX('Eredmény'!$BI$2:$BI$201,$W32)) | W32: =IFERROR(MATCH(LARGE('Eredmény'!$DY$2:$DY$201,28),'Eredmény'!$DY$2:$DY$201,0),"")
A33: =IF($W33="","",INDEX('Eredmény'!$AO$2:$AO$201,$W33)) | B33: =IF($W33="","",INDEX('Eredmény'!$A$2:$A$201,$W33)) | C33: =IF($W33="","",INDEX('Eredmény'!$AM$2:$AM$201,$W33)) | D33: =IF($W33="","",INDEX('Eredmény'!$AN$2:$AN$201,$W33)) | E33: =IF($W33="","",INDEX('Eredmény'!$AQ$2:$AQ$201,$W33)) | F33: =IF($W33="","",INDEX('Eredmény'!$AR$2:$AR$201,$W33)) | G33: =IF($W33="","",INDEX('Eredmény'!$AS$2:$AS$201,$W33)) | H33: =IF($W33="","",INDEX('Eredmény'!$AI$2:$AI$201,$W33)) | I33: =IF($W33="","",INDEX('Eredmény'!$AJ$2:$AJ$201,$W33)) | J33: =IF($W33="","",INDEX('Eredmény'!$AK$2:$AK$201,$W33)) | K33: =IF($W33="","",INDEX('Eredmény'!$AL$2:$AL$201,$W33)) | L33: =IF($W33="","",INDEX('Eredmény'!$AZ$2:$AZ$201,$W33)) | M33: =IF($W33="","",INDEX('Eredmény'!$BB$2:$BB$201,$W33)) | N33: =IF($W33="","",INDEX('Eredmény'!$BC$2:$BC$201,$W33)) | O33: =IF($W33="","",INDEX('Eredmény'!$BD$2:$BD$201,$W33)) | P33: =IF($W33="","",INDEX('Eredmény'!$BE$2:$BE$201,$W33)) | Q33: =IF($W33="","",INDEX('Eredmény'!$BF$2:$BF$201,$W33)) | R33: =IF($W33="","",INDEX('Eredmény'!$BG$2:$BG$201,$W33)) | S33: =IF($W33="","",INDEX('Eredmény'!$AT$2:$AT$201,$W33)) | T33: =IF($W33="","",INDEX('Eredmény'!$AV$2:$AV$201,$W33)) | U33: =IF($W33="","",INDEX('Eredmény'!$BI$2:$BI$201,$W33)) | W33: =IFERROR(MATCH(LARGE('Eredmény'!$DY$2:$DY$201,29),'Eredmény'!$DY$2:$DY$201,0),"")
A34: =IF($W34="","",INDEX('Eredmény'!$AO$2:$AO$201,$W34)) | B34: =IF($W34="","",INDEX('Eredmény'!$A$2:$A$201,$W34)) | C34: =IF($W34="","",INDEX('Eredmény'!$AM$2:$AM$201,$W34)) | D34: =IF($W34="","",INDEX('Eredmény'!$AN$2:$AN$201,$W34)) | E34: =IF($W34="","",INDEX('Eredmény'!$AQ$2:$AQ$201,$W34)) | F34: =IF($W34="","",INDEX('Eredmény'!$AR$2:$AR$201,$W34)) | G34: =IF($W34="","",INDEX('Eredmény'!$AS$2:$AS$201,$W34)) | H34: =IF($W34="","",INDEX('Eredmény'!$AI$2:$AI$201,$W34)) | I34: =IF($W34="","",INDEX('Eredmény'!$AJ$2:$AJ$201,$W34)) | J34: =IF($W34="","",INDEX('Eredmény'!$AK$2:$AK$201,$W34)) | K34: =IF($W34="","",INDEX('Eredmény'!$AL$2:$AL$201,$W34)) | L34: =IF($W34="","",INDEX('Eredmény'!$AZ$2:$AZ$201,$W34)) | M34: =IF($W34="","",INDEX('Eredmény'!$BB$2:$BB$201,$W34)) | N34: =IF($W34="","",INDEX('Eredmény'!$BC$2:$BC$201,$W34)) | O34: =IF($W34="","",INDEX('Eredmény'!$BD$2:$BD$201,$W34)) | P34: =IF($W34="","",INDEX('Eredmény'!$BE$2:$BE$201,$W34)) | Q34: =IF($W34="","",INDEX('Eredmény'!$BF$2:$BF$201,$W34)) | R34: =IF($W34="","",INDEX('Eredmény'!$BG$2:$BG$201,$W34)) | S34: =IF($W34="","",INDEX('Eredmény'!$AT$2:$AT$201,$W34)) | T34: =IF($W34="","",INDEX('Eredmény'!$AV$2:$AV$201,$W34)) | U34: =IF($W34="","",INDEX('Eredmény'!$BI$2:$BI$201,$W34)) | W34: =IFERROR(MATCH(LARGE('Eredmény'!$DY$2:$DY$201,30),'Eredmény'!$DY$2:$DY$201,0),"")
A35: =IF($W35="","",INDEX('Eredmény'!$AO$2:$AO$201,$W35)) | B35: =IF($W35="","",INDEX('Eredmény'!$A$2:$A$201,$W35)) | C35: =IF($W35="","",INDEX('Eredmény'!$AM$2:$AM$201,$W35)) | D35: =IF($W35="","",INDEX('Eredmény'!$AN$2:$AN$201,$W35)) | E35: =IF($W35="","",INDEX('Eredmény'!$AQ$2:$AQ$201,$W35)) | F35: =IF($W35="","",INDEX('Eredmény'!$AR$2:$AR$201,$W35)) | G35: =IF($W35="","",INDEX('Eredmény'!$AS$2:$AS$201,$W35)) | H35: =IF($W35="","",INDEX('Eredmény'!$AI$2:$AI$201,$W35)) | I35: =IF($W35="","",INDEX('Eredmény'!$AJ$2:$AJ$201,$W35)) | J35: =IF($W35="","",INDEX('Eredmény'!$AK$2:$AK$201,$W35)) | K35: =IF($W35="","",INDEX('Eredmény'!$AL$2:$AL$201,$W35)) | L35: =IF($W35="","",INDEX('Eredmény'!$AZ$2:$AZ$201,$W35)) | M35: =IF($W35="","",INDEX('Eredmény'!$BB$2:$BB$201,$W35)) | N35: =IF($W35="","",INDEX('Eredmény'!$BC$2:$BC$201,$W35)) | O35: =IF($W35="","",INDEX('Eredmény'!$BD$2:$BD$201,$W35)) | P35: =IF($W35="","",INDEX('Eredmény'!$BE$2:$BE$201,$W35)) | Q35: =IF($W35="","",INDEX('Eredmény'!$BF$2:$BF$201,$W35)) | R35: =IF($W35="","",INDEX('Eredmény'!$BG$2:$BG$201,$W35)) | S35: =IF($W35="","",INDEX('Eredmény'!$AT$2:$AT$201,$W35)) | T35: =IF($W35="","",INDEX('Eredmény'!$AV$2:$AV$201,$W35)) | U35: =IF($W35="","",INDEX('Eredmény'!$BI$2:$BI$201,$W35)) | W35: =IFERROR(MATCH(LARGE('Eredmény'!$DY$2:$DY$201,31),'Eredmény'!$DY$2:$DY$201,0),"")
A36: =IF($W36="","",INDEX('Eredmény'!$AO$2:$AO$201,$W36)) | B36: =IF($W36="","",INDEX('Eredmény'!$A$2:$A$201,$W36)) | C36: =IF($W36="","",INDEX('Eredmény'!$AM$2:$AM$201,$W36)) | D36: =IF($W36="","",INDEX('Eredmény'!$AN$2:$AN$201,$W36)) | E36: =IF($W36="","",INDEX('Eredmény'!$AQ$2:$AQ$201,$W36)) | F36: =IF($W36="","",INDEX('Eredmény'!$AR$2:$AR$201,$W36)) | G36: =IF($W36="","",INDEX('Eredmény'!$AS$2:$AS$201,$W36)) | H36: =IF($W36="","",INDEX('Eredmény'!$AI$2:$AI$201,$W36)) | I36: =IF($W36="","",INDEX('Eredmény'!$AJ$2:$AJ$201,$W36)) | J36: =IF($W36="","",INDEX('Eredmény'!$AK$2:$AK$201,$W36)) | K36: =IF($W36="","",INDEX('Eredmény'!$AL$2:$AL$201,$W36)) | L36: =IF($W36="","",INDEX('Eredmény'!$AZ$2:$AZ$201,$W36)) | M36: =IF($W36="","",INDEX('Eredmény'!$BB$2:$BB$201,$W36)) | N36: =IF($W36="","",INDEX('Eredmény'!$BC$2:$BC$201,$W36)) | O36: =IF($W36="","",INDEX('Eredmény'!$BD$2:$BD$201,$W36)) | P36: =IF($W36="","",INDEX('Eredmény'!$BE$2:$BE$201,$W36)) | Q36: =IF($W36="","",INDEX('Eredmény'!$BF$2:$BF$201,$W36)) | R36: =IF($W36="","",INDEX('Eredmény'!$BG$2:$BG$201,$W36)) | S36: =IF($W36="","",INDEX('Eredmény'!$AT$2:$AT$201,$W36)) | T36: =IF($W36="","",INDEX('Eredmény'!$AV$2:$AV$201,$W36)) | U36: =IF($W36="","",INDEX('Eredmény'!$BI$2:$BI$201,$W36)) | W36: =IFERROR(MATCH(LARGE('Eredmény'!$DY$2:$DY$201,32),'Eredmény'!$DY$2:$DY$201,0),"")
A37: =IF($W37="","",INDEX('Eredmény'!$AO$2:$AO$201,$W37)) | B37: =IF($W37="","",INDEX('Eredmény'!$A$2:$A$201,$W37)) | C37: =IF($W37="","",INDEX('Eredmény'!$AM$2:$AM$201,$W37)) | D37: =IF($W37="","",INDEX('Eredmény'!$AN$2:$AN$201,$W37)) | E37: =IF($W37="","",INDEX('Eredmény'!$AQ$2:$AQ$201,$W37)) | F37: =IF($W37="","",INDEX('Eredmény'!$AR$2:$AR$201,$W37)) | G37: =IF($W37="","",INDEX('Eredmény'!$AS$2:$AS$201,$W37)) | H37: =IF($W37="","",INDEX('Eredmény'!$AI$2:$AI$201,$W37)) | I37: =IF($W37="","",INDEX('Eredmény'!$AJ$2:$AJ$201,$W37)) | J37: =IF($W37="","",INDEX('Eredmény'!$AK$2:$AK$201,$W37)) | K37: =IF($W37="","",INDEX('Eredmény'!$AL$2:$AL$201,$W37)) | L37: =IF($W37="","",INDEX('Eredmény'!$AZ$2:$AZ$201,$W37)) | M37: =IF($W37="","",INDEX('Eredmény'!$BB$2:$BB$201,$W37)) | N37: =IF($W37="","",INDEX('Eredmény'!$BC$2:$BC$201,$W37)) | O37: =IF($W37="","",INDEX('Eredmény'!$BD$2:$BD$201,$W37)) | P37: =IF($W37="","",INDEX('Eredmény'!$BE$2:$BE$201,$W37)) | Q37: =IF($W37="","",INDEX('Eredmény'!$BF$2:$BF$201,$W37)) | R37: =IF($W37="","",INDEX('Eredmény'!$BG$2:$BG$201,$W37)) | S37: =IF($W37="","",INDEX('Eredmény'!$AT$2:$AT$201,$W37)) | T37: =IF($W37="","",INDEX('Eredmény'!$AV$2:$AV$201,$W37)) | U37: =IF($W37="","",INDEX('Eredmény'!$BI$2:$BI$201,$W37)) | W37: =IFERROR(MATCH(LARGE('Eredmény'!$DY$2:$DY$201,33),'Eredmény'!$DY$2:$DY$201,0),"")
A38: =IF($W38="","",INDEX('Eredmény'!$AO$2:$AO$201,$W38)) | B38: =IF($W38="","",INDEX('Eredmény'!$A$2:$A$201,$W38)) | C38: =IF($W38="","",INDEX('Eredmény'!$AM$2:$AM$201,$W38)) | D38: =IF($W38="","",INDEX('Eredmény'!$AN$2:$AN$201,$W38)) | E38: =IF($W38="","",INDEX('Eredmény'!$AQ$2:$AQ$201,$W38)) | F38: =IF($W38="","",INDEX('Eredmény'!$AR$2:$AR$201,$W38)) | G38: =IF($W38="","",INDEX('Eredmény'!$AS$2:$AS$201,$W38)) | H38: =IF($W38="","",INDEX('Eredmény'!$AI$2:$AI$201,$W38)) | I38: =IF($W38="","",INDEX('Eredmény'!$AJ$2:$AJ$201,$W38)) | J38: =IF($W38="","",INDEX('Eredmény'!$AK$2:$AK$201,$W38)) | K38: =IF($W38="","",INDEX('Eredmény'!$AL$2:$AL$201,$W38)) | L38: =IF($W38="","",INDEX('Eredmény'!$AZ$2:$AZ$201,$W38)) | M38: =IF($W38="","",INDEX('Eredmény'!$BB$2:$BB$201,$W38)) | N38: =IF($W38="","",INDEX('Eredmény'!$BC$2:$BC$201,$W38)) | O38: =IF($W38="","",INDEX('Eredmény'!$BD$2:$BD$201,$W38)) | P38: =IF($W38="","",INDEX('Eredmény'!$BE$2:$BE$201,$W38)) | Q38: =IF($W38="","",INDEX('Eredmény'!$BF$2:$BF$201,$W38)) | R38: =IF($W38="","",INDEX('Eredmény'!$BG$2:$BG$201,$W38)) | S38: =IF($W38="","",INDEX('Eredmény'!$AT$2:$AT$201,$W38)) | T38: =IF($W38="","",INDEX('Eredmény'!$AV$2:$AV$201,$W38)) | U38: =IF($W38="","",INDEX('Eredmény'!$BI$2:$BI$201,$W38)) | W38: =IFERROR(MATCH(LARGE('Eredmény'!$DY$2:$DY$201,34),'Eredmény'!$DY$2:$DY$201,0),"")
A39: =IF($W39="","",INDEX('Eredmény'!$AO$2:$AO$201,$W39)) | B39: =IF($W39="","",INDEX('Eredmény'!$A$2:$A$201,$W39)) | C39: =IF($W39="","",INDEX('Eredmény'!$AM$2:$AM$201,$W39)) | D39: =IF($W39="","",INDEX('Eredmény'!$AN$2:$AN$201,$W39)) | E39: =IF($W39="","",INDEX('Eredmény'!$AQ$2:$AQ$201,$W39)) | F39: =IF($W39="","",INDEX('Eredmény'!$AR$2:$AR$201,$W39)) | G39: =IF($W39="","",INDEX('Eredmény'!$AS$2:$AS$201,$W39)) | H39: =IF($W39="","",INDEX('Eredmény'!$AI$2:$AI$201,$W39)) | I39: =IF($W39="","",INDEX('Eredmény'!$AJ$2:$AJ$201,$W39)) | J39: =IF($W39="","",INDEX('Eredmény'!$AK$2:$AK$201,$W39)) | K39: =IF($W39="","",INDEX('Eredmény'!$AL$2:$AL$201,$W39)) | L39: =IF($W39="","",INDEX('Eredmény'!$AZ$2:$AZ$201,$W39)) | M39: =IF($W39="","",INDEX('Eredmény'!$BB$2:$BB$201,$W39)) | N39: =IF($W39="","",INDEX('Eredmény'!$BC$2:$BC$201,$W39)) | O39: =IF($W39="","",INDEX('Eredmény'!$BD$2:$BD$201,$W39)) | P39: =IF($W39="","",INDEX('Eredmény'!$BE$2:$BE$201,$W39)) | Q39: =IF($W39="","",INDEX('Eredmény'!$BF$2:$BF$201,$W39)) | R39: =IF($W39="","",INDEX('Eredmény'!$BG$2:$BG$201,$W39)) | S39: =IF($W39="","",INDEX('Eredmény'!$AT$2:$AT$201,$W39)) | T39: =IF($W39="","",INDEX('Eredmény'!$AV$2:$AV$201,$W39)) | U39: =IF($W39="","",INDEX('Eredmény'!$BI$2:$BI$201,$W39)) | W39: =IFERROR(MATCH(LARGE('Eredmény'!$DY$2:$DY$201,35),'Eredmény'!$DY$2:$DY$201,0),"")
A40: =IF($W40="","",INDEX('Eredmény'!$AO$2:$AO$201,$W40)) | B40: =IF($W40="","",INDEX('Eredmény'!$A$2:$A$201,$W40)) | C40: =IF($W40="","",INDEX('Eredmény'!$AM$2:$AM$201,$W40)) | D40: =IF($W40="","",INDEX('Eredmény'!$AN$2:$AN$201,$W40)) | E40: =IF($W40="","",INDEX('Eredmény'!$AQ$2:$AQ$201,$W40)) | F40: =IF($W40="","",INDEX('Eredmény'!$AR$2:$AR$201,$W40)) | G40: =IF($W40="","",INDEX('Eredmény'!$AS$2:$AS$201,$W40)) | H40: =IF($W40="","",INDEX('Eredmény'!$AI$2:$AI$201,$W40)) | I40: =IF($W40="","",INDEX('Eredmény'!$AJ$2:$AJ$201,$W40)) | J40: =IF($W40="","",INDEX('Eredmény'!$AK$2:$AK$201,$W40)) | K40: =IF($W40="","",INDEX('Eredmény'!$AL$2:$AL$201,$W40)) | L40: =IF($W40="","",INDEX('Eredmény'!$AZ$2:$AZ$201,$W40)) | M40: =IF($W40="","",INDEX('Eredmény'!$BB$2:$BB$201,$W40)) | N40: =IF($W40="","",INDEX('Eredmény'!$BC$2:$BC$201,$W40)) | O40: =IF($W40="","",INDEX('Eredmény'!$BD$2:$BD$201,$W40)) | P40: =IF($W40="","",INDEX('Eredmény'!$BE$2:$BE$201,$W40)) | Q40: =IF($W40="","",INDEX('Eredmény'!$BF$2:$BF$201,$W40)) | R40: =IF($W40="","",INDEX('Eredmény'!$BG$2:$BG$201,$W40)) | S40: =IF($W40="","",INDEX('Eredmény'!$AT$2:$AT$201,$W40)) | T40: =IF($W40="","",INDEX('Eredmény'!$AV$2:$AV$201,$W40)) | U40: =IF($W40="","",INDEX('Eredmény'!$BI$2:$BI$201,$W40)) | W40: =IFERROR(MATCH(LARGE('Eredmény'!$DY$2:$DY$201,36),'Eredmény'!$DY$2:$DY$201,0),"")
A41: =IF($W41="","",INDEX('Eredmény'!$AO$2:$AO$201,$W41)) | B41: =IF($W41="","",INDEX('Eredmény'!$A$2:$A$201,$W41)) | C41: =IF($W41="","",INDEX('Eredmény'!$AM$2:$AM$201,$W41)) | D41: =IF($W41="","",INDEX('Eredmény'!$AN$2:$AN$201,$W41)) | E41: =IF($W41="","",INDEX('Eredmény'!$AQ$2:$AQ$201,$W41)) | F41: =IF($W41="","",INDEX('Eredmény'!$AR$2:$AR$201,$W41)) | G41: =IF($W41="","",INDEX('Eredmény'!$AS$2:$AS$201,$W41)) | H41: =IF($W41="","",INDEX('Eredmény'!$AI$2:$AI$201,$W41)) | I41: =IF($W41="","",INDEX('Eredmény'!$AJ$2:$AJ$201,$W41)) | J41: =IF($W41="","",INDEX('Eredmény'!$AK$2:$AK$201,$W41)) | K41: =IF($W41="","",INDEX('Eredmény'!$AL$2:$AL$201,$W41)) | L41: =IF($W41="","",INDEX('Eredmény'!$AZ$2:$AZ$201,$W41)) | M41: =IF($W41="","",INDEX('Eredmény'!$BB$2:$BB$201,$W41)) | N41: =IF($W41="","",INDEX('Eredmény'!$BC$2:$BC$201,$W41)) | O41: =IF($W41="","",INDEX('Eredmény'!$BD$2:$BD$201,$W41)) | P41: =IF($W41="","",INDEX('Eredmény'!$BE$2:$BE$201,$W41)) | Q41: =IF($W41="","",INDEX('Eredmény'!$BF$2:$BF$201,$W41)) | R41: =IF($W41="","",INDEX('Eredmény'!$BG$2:$BG$201,$W41)) | S41: =IF($W41="","",INDEX('Eredmény'!$AT$2:$AT$201,$W41)) | T41: =IF($W41="","",INDEX('Eredmény'!$AV$2:$AV$201,$W41)) | U41: =IF($W41="","",INDEX('Eredmény'!$BI$2:$BI$201,$W41)) | W41: =IFERROR(MATCH(LARGE('Eredmény'!$DY$2:$DY$201,37),'Eredmény'!$DY$2:$DY$201,0),"")
A42: =IF($W42="","",INDEX('Eredmény'!$AO$2:$AO$201,$W42)) | B42: =IF($W42="","",INDEX('Eredmény'!$A$2:$A$201,$W42)) | C42: =IF($W42="","",INDEX('Eredmény'!$AM$2:$AM$201,$W42)) | D42: =IF($W42="","",INDEX('Eredmény'!$AN$2:$AN$201,$W42)) | E42: =IF($W42="","",INDEX('Eredmény'!$AQ$2:$AQ$201,$W42)) | F42: =IF($W42="","",INDEX('Eredmény'!$AR$2:$AR$201,$W42)) | G42: =IF($W42="","",INDEX('Eredmény'!$AS$2:$AS$201,$W42)) | H42: =IF($W42="","",INDEX('Eredmény'!$AI$2:$AI$201,$W42)) | I42: =IF($W42="","",INDEX('Eredmény'!$AJ$2:$AJ$201,$W42)) | J42: =IF($W42="","",INDEX('Eredmény'!$AK$2:$AK$201,$W42)) | K42: =IF($W42="","",INDEX('Eredmény'!$AL$2:$AL$201,$W42)) | L42: =IF($W42="","",INDEX('Eredmény'!$AZ$2:$AZ$201,$W42)) | M42: =IF($W42="","",INDEX('Eredmény'!$BB$2:$BB$201,$W42)) | N42: =IF($W42="","",INDEX('Eredmény'!$BC$2:$BC$201,$W42)) | O42: =IF($W42="","",INDEX('Eredmény'!$BD$2:$BD$201,$W42)) | P42: =IF($W42="","",INDEX('Eredmény'!$BE$2:$BE$201,$W42)) | Q42: =IF($W42="","",INDEX('Eredmény'!$BF$2:$BF$201,$W42)) | R42: =IF($W42="","",INDEX('Eredmény'!$BG$2:$BG$201,$W42)) | S42: =IF($W42="","",INDEX('Eredmény'!$AT$2:$AT$201,$W42)) | T42: =IF($W42="","",INDEX('Eredmény'!$AV$2:$AV$201,$W42)) | U42: =IF($W42="","",INDEX('Eredmény'!$BI$2:$BI$201,$W42)) | W42: =IFERROR(MATCH(LARGE('Eredmény'!$DY$2:$DY$201,38),'Eredmény'!$DY$2:$DY$201,0),"")
A43: =IF($W43="","",INDEX('Eredmény'!$AO$2:$AO$201,$W43)) | B43: =IF($W43="","",INDEX('Eredmény'!$A$2:$A$201,$W43)) | C43: =IF($W43="","",INDEX('Eredmény'!$AM$2:$AM$201,$W43)) | D43: =IF($W43="","",INDEX('Eredmény'!$AN$2:$AN$201,$W43)) | E43: =IF($W43="","",INDEX('Eredmény'!$AQ$2:$AQ$201,$W43)) | F43: =IF($W43="","",INDEX('Eredmény'!$AR$2:$AR$201,$W43)) | G43: =IF($W43="","",INDEX('Eredmény'!$AS$2:$AS$201,$W43)) | H43: =IF($W43="","",INDEX('Eredmény'!$AI$2:$AI$201,$W43)) | I43: =IF($W43="","",INDEX('Eredmény'!$AJ$2:$AJ$201,$W43)) | J43: =IF($W43="","",INDEX('Eredmény'!$AK$2:$AK$201,$W43)) | K43: =IF($W43="","",INDEX('Eredmény'!$AL$2:$AL$201,$W43)) | L43: =IF($W43="","",INDEX('Eredmény'!$AZ$2:$AZ$201,$W43)) | M43: =IF($W43="","",INDEX('Eredmény'!$BB$2:$BB$201,$W43)) | N43: =IF($W43="","",INDEX('Eredmény'!$BC$2:$BC$201,$W43)) | O43: =IF($W43="","",INDEX('Eredmény'!$BD$2:$BD$201,$W43)) | P43: =IF($W43="","",INDEX('Eredmény'!$BE$2:$BE$201,$W43)) | Q43: =IF($W43="","",INDEX('Eredmény'!$BF$2:$BF$201,$W43)) | R43: =IF($W43="","",INDEX('Eredmény'!$BG$2:$BG$201,$W43)) | S43: =IF($W43="","",INDEX('Eredmény'!$AT$2:$AT$201,$W43)) | T43: =IF($W43="","",INDEX('Eredmény'!$AV$2:$AV$201,$W43)) | U43: =IF($W43="","",INDEX('Eredmény'!$BI$2:$BI$201,$W43)) | W43: =IFERROR(MATCH(LARGE('Eredmény'!$DY$2:$DY$201,39),'Eredmény'!$DY$2:$DY$201,0),"")
A44: =IF($W44="","",INDEX('Eredmény'!$AO$2:$AO$201,$W44)) | B44: =IF($W44="","",INDEX('Eredmény'!$A$2:$A$201,$W44)) | C44: =IF($W44="","",INDEX('Eredmény'!$AM$2:$AM$201,$W44)) | D44: =IF($W44="","",INDEX('Eredmény'!$AN$2:$AN$201,$W44)) | E44: =IF($W44="","",INDEX('Eredmény'!$AQ$2:$AQ$201,$W44)) | F44: =IF($W44="","",INDEX('Eredmény'!$AR$2:$AR$201,$W44)) | G44: =IF($W44="","",INDEX('Eredmény'!$AS$2:$AS$201,$W44)) | H44: =IF($W44="","",INDEX('Eredmény'!$AI$2:$AI$201,$W44)) | I44: =IF($W44="","",INDEX('Eredmény'!$AJ$2:$AJ$201,$W44)) | J44: =IF($W44="","",INDEX('Eredmény'!$AK$2:$AK$201,$W44)) | K44: =IF($W44="","",INDEX('Eredmény'!$AL$2:$AL$201,$W44)) | L44: =IF($W44="","",INDEX('Eredmény'!$AZ$2:$AZ$201,$W44)) | M44: =IF($W44="","",INDEX('Eredmény'!$BB$2:$BB$201,$W44)) | N44: =IF($W44="","",INDEX('Eredmény'!$BC$2:$BC$201,$W44)) | O44: =IF($W44="","",INDEX('Eredmény'!$BD$2:$BD$201,$W44)) | P44: =IF($W44="","",INDEX('Eredmény'!$BE$2:$BE$201,$W44)) | Q44: =IF($W44="","",INDEX('Eredmény'!$BF$2:$BF$201,$W44)) | R44: =IF($W44="","",INDEX('Eredmény'!$BG$2:$BG$201,$W44)) | S44: =IF($W44="","",INDEX('Eredmény'!$AT$2:$AT$201,$W44)) | T44: =IF($W44="","",INDEX('Eredmény'!$AV$2:$AV$201,$W44)) | U44: =IF($W44="","",INDEX('Eredmény'!$BI$2:$BI$201,$W44)) | W44: =IFERROR(MATCH(LARGE('Eredmény'!$DY$2:$DY$201,40),'Eredmény'!$DY$2:$DY$201,0),"")
A45: =IF($W45="","",INDEX('Eredmény'!$AO$2:$AO$201,$W45)) | B45: =IF($W45="","",INDEX('Eredmény'!$A$2:$A$201,$W45)) | C45: =IF($W45="","",INDEX('Eredmény'!$AM$2:$AM$201,$W45)) | D45: =IF($W45="","",INDEX('Eredmény'!$AN$2:$AN$201,$W45)) | E45: =IF($W45="","",INDEX('Eredmény'!$AQ$2:$AQ$201,$W45)) | F45: =IF($W45="","",INDEX('Eredmény'!$AR$2:$AR$201,$W45)) | G45: =IF($W45="","",INDEX('Eredmény'!$AS$2:$AS$201,$W45)) | H45: =IF($W45="","",INDEX('Eredmény'!$AI$2:$AI$201,$W45)) | I45: =IF($W45="","",INDEX('Eredmény'!$AJ$2:$AJ$201,$W45)) | J45: =IF($W45="","",INDEX('Eredmény'!$AK$2:$AK$201,$W45)) | K45: =IF($W45="","",INDEX('Eredmény'!$AL$2:$AL$201,$W45)) | L45: =IF($W45="","",INDEX('Eredmény'!$AZ$2:$AZ$201,$W45)) | M45: =IF($W45="","",INDEX('Eredmény'!$BB$2:$BB$201,$W45)) | N45: =IF($W45="","",INDEX('Eredmény'!$BC$2:$BC$201,$W45)) | O45: =IF($W45="","",INDEX('Eredmény'!$BD$2:$BD$201,$W45)) | P45: =IF($W45="","",INDEX('Eredmény'!$BE$2:$BE$201,$W45)) | Q45: =IF($W45="","",INDEX('Eredmény'!$BF$2:$BF$201,$W45)) | R45: =IF($W45="","",INDEX('Eredmény'!$BG$2:$BG$201,$W45)) | S45: =IF($W45="","",INDEX('Eredmény'!$AT$2:$AT$201,$W45)) | T45: =IF($W45="","",INDEX('Eredmény'!$AV$2:$AV$201,$W45)) | U45: =IF($W45="","",INDEX('Eredmény'!$BI$2:$BI$201,$W45)) | W45: =IFERROR(MATCH(LARGE('Eredmény'!$DY$2:$DY$201,41),'Eredmény'!$DY$2:$DY$201,0),"")
A46: =IF($W46="","",INDEX('Eredmény'!$AO$2:$AO$201,$W46)) | B46: =IF($W46="","",INDEX('Eredmény'!$A$2:$A$201,$W46)) | C46: =IF($W46="","",INDEX('Eredmény'!$AM$2:$AM$201,$W46)) | D46: =IF($W46="","",INDEX('Eredmény'!$AN$2:$AN$201,$W46)) | E46: =IF($W46="","",INDEX('Eredmény'!$AQ$2:$AQ$201,$W46)) | F46: =IF($W46="","",INDEX('Eredmény'!$AR$2:$AR$201,$W46)) | G46: =IF($W46="","",INDEX('Eredmény'!$AS$2:$AS$201,$W46)) | H46: =IF($W46="","",INDEX('Eredmény'!$AI$2:$AI$201,$W46)) | I46: =IF($W46="","",INDEX('Eredmény'!$AJ$2:$AJ$201,$W46)) | J46: =IF($W46="","",INDEX('Eredmény'!$AK$2:$AK$201,$W46)) | K46: =IF($W46="","",INDEX('Eredmény'!$AL$2:$AL$201,$W46)) | L46: =IF($W46="","",INDEX('Eredmény'!$AZ$2:$AZ$201,$W46)) | M46: =IF($W46="","",INDEX('Eredmény'!$BB$2:$BB$201,$W46)) | N46: =IF($W46="","",INDEX('Eredmény'!$BC$2:$BC$201,$W46)) | O46: =IF($W46="","",INDEX('Eredmény'!$BD$2:$BD$201,$W46)) | P46: =IF($W46="","",INDEX('Eredmény'!$BE$2:$BE$201,$W46)) | Q46: =IF($W46="","",INDEX('Eredmény'!$BF$2:$BF$201,$W46)) | R46: =IF($W46="","",INDEX('Eredmény'!$BG$2:$BG$201,$W46)) | S46: =IF($W46="","",INDEX('Eredmény'!$AT$2:$AT$201,$W46)) | T46: =IF($W46="","",INDEX('Eredmény'!$AV$2:$AV$201,$W46)) | U46: =IF($W46="","",INDEX('Eredmény'!$BI$2:$BI$201,$W46)) | W46: =IFERROR(MATCH(LARGE('Eredmény'!$DY$2:$DY$201,42),'Eredmény'!$DY$2:$DY$201,0),"")
A47: =IF($W47="","",INDEX('Eredmény'!$AO$2:$AO$201,$W47)) | B47: =IF($W47="","",INDEX('Eredmény'!$A$2:$A$201,$W47)) | C47: =IF($W47="","",INDEX('Eredmény'!$AM$2:$AM$201,$W47)) | D47: =IF($W47="","",INDEX('Eredmény'!$AN$2:$AN$201,$W47)) | E47: =IF($W47="","",INDEX('Eredmény'!$AQ$2:$AQ$201,$W47)) | F47: =IF($W47="","",INDEX('Eredmény'!$AR$2:$AR$201,$W47)) | G47: =IF($W47="","",INDEX('Eredmény'!$AS$2:$AS$201,$W47)) | H47: =IF($W47="","",INDEX('Eredmény'!$AI$2:$AI$201,$W47)) | I47: =IF($W47="","",INDEX('Eredmény'!$AJ$2:$AJ$201,$W47)) | J47: =IF($W47="","",INDEX('Eredmény'!$AK$2:$AK$201,$W47)) | K47: =IF($W47="","",INDEX('Eredmény'!$AL$2:$AL$201,$W47)) | L47: =IF($W47="","",INDEX('Eredmény'!$AZ$2:$AZ$201,$W47)) | M47: =IF($W47="","",INDEX('Eredmény'!$BB$2:$BB$201,$W47)) | N47: =IF($W47="","",INDEX('Eredmény'!$BC$2:$BC$201,$W47)) | O47: =IF($W47="","",INDEX('Eredmény'!$BD$2:$BD$201,$W47)) | P47: =IF($W47="","",INDEX('Eredmény'!$BE$2:$BE$201,$W47)) | Q47: =IF($W47="","",INDEX('Eredmény'!$BF$2:$BF$201,$W47)) | R47: =IF($W47="","",INDEX('Eredmény'!$BG$2:$BG$201,$W47)) | S47: =IF($W47="","",INDEX('Eredmény'!$AT$2:$AT$201,$W47)) | T47: =IF($W47="","",INDEX('Eredmény'!$AV$2:$AV$201,$W47)) | U47: =IF($W47="","",INDEX('Eredmény'!$BI$2:$BI$201,$W47)) | W47: =IFERROR(MATCH(LARGE('Eredmény'!$DY$2:$DY$201,43),'Eredmény'!$DY$2:$DY$201,0),"")
A48: =IF($W48="","",INDEX('Eredmény'!$AO$2:$AO$201,$W48)) | B48: =IF($W48="","",INDEX('Eredmény'!$A$2:$A$201,$W48)) | C48: =IF($W48="","",INDEX('Eredmény'!$AM$2:$AM$201,$W48)) | D48: =IF($W48="","",INDEX('Eredmény'!$AN$2:$AN$201,$W48)) | E48: =IF($W48="","",INDEX('Eredmény'!$AQ$2:$AQ$201,$W48)) | F48: =IF($W48="","",INDEX('Eredmény'!$AR$2:$AR$201,$W48)) | G48: =IF($W48="","",INDEX('Eredmény'!$AS$2:$AS$201,$W48)) | H48: =IF($W48="","",INDEX('Eredmény'!$AI$2:$AI$201,$W48)) | I48: =IF($W48="","",INDEX('Eredmény'!$AJ$2:$AJ$201,$W48)) | J48: =IF($W48="","",INDEX('Eredmény'!$AK$2:$AK$201,$W48)) | K48: =IF($W48="","",INDEX('Eredmény'!$AL$2:$AL$201,$W48)) | L48: =IF($W48="","",INDEX('Eredmény'!$AZ$2:$AZ$201,$W48)) | M48: =IF($W48="","",INDEX('Eredmény'!$BB$2:$BB$201,$W48)) | N48: =IF($W48="","",INDEX('Eredmény'!$BC$2:$BC$201,$W48)) | O48: =IF($W48="","",INDEX('Eredmény'!$BD$2:$BD$201,$W48)) | P48: =IF($W48="","",INDEX('Eredmény'!$BE$2:$BE$201,$W48)) | Q48: =IF($W48="","",INDEX('Eredmény'!$BF$2:$BF$201,$W48)) | R48: =IF($W48="","",INDEX('Eredmény'!$BG$2:$BG$201,$W48)) | S48: =IF($W48="","",INDEX('Eredmény'!$AT$2:$AT$201,$W48)) | T48: =IF($W48="","",INDEX('Eredmény'!$AV$2:$AV$201,$W48)) | U48: =IF($W48="","",INDEX('Eredmény'!$BI$2:$BI$201,$W48)) | W48: =IFERROR(MATCH(LARGE('Eredmény'!$DY$2:$DY$201,44),'Eredmény'!$DY$2:$DY$201,0),"")
A49: =IF($W49="","",INDEX('Eredmény'!$AO$2:$AO$201,$W49)) | B49: =IF($W49="","",INDEX('Eredmény'!$A$2:$A$201,$W49)) | C49: =IF($W49="","",INDEX('Eredmény'!$AM$2:$AM$201,$W49)) | D49: =IF($W49="","",INDEX('Eredmény'!$AN$2:$AN$201,$W49)) | E49: =IF($W49="","",INDEX('Eredmény'!$AQ$2:$AQ$201,$W49)) | F49: =IF($W49="","",INDEX('Eredmény'!$AR$2:$AR$201,$W49)) | G49: =IF($W49="","",INDEX('Eredmény'!$AS$2:$AS$201,$W49)) | H49: =IF($W49="","",INDEX('Eredmény'!$AI$2:$AI$201,$W49)) | I49: =IF($W49="","",INDEX('Eredmény'!$AJ$2:$AJ$201,$W49)) | J49: =IF($W49="","",INDEX('Eredmény'!$AK$2:$AK$201,$W49)) | K49: =IF($W49="","",INDEX('Eredmény'!$AL$2:$AL$201,$W49)) | L49: =IF($W49="","",INDEX('Eredmény'!$AZ$2:$AZ$201,$W49)) | M49: =IF($W49="","",INDEX('Eredmény'!$BB$2:$BB$201,$W49)) | N49: =IF($W49="","",INDEX('Eredmény'!$BC$2:$BC$201,$W49)) | O49: =IF($W49="","",INDEX('Eredmény'!$BD$2:$BD$201,$W49)) | P49: =IF($W49="","",INDEX('Eredmény'!$BE$2:$BE$201,$W49)) | Q49: =IF($W49="","",INDEX('Eredmény'!$BF$2:$BF$201,$W49)) | R49: =IF($W49="","",INDEX('Eredmény'!$BG$2:$BG$201,$W49)) | S49: =IF($W49="","",INDEX('Eredmény'!$AT$2:$AT$201,$W49)) | T49: =IF($W49="","",INDEX('Eredmény'!$AV$2:$AV$201,$W49)) | U49: =IF($W49="","",INDEX('Eredmény'!$BI$2:$BI$201,$W49)) | W49: =IFERROR(MATCH(LARGE('Eredmény'!$DY$2:$DY$201,45),'Eredmény'!$DY$2:$DY$201,0),"")
A50: =IF($W50="","",INDEX('Eredmény'!$AO$2:$AO$201,$W50)) | B50: =IF($W50="","",INDEX('Eredmény'!$A$2:$A$201,$W50)) | C50: =IF($W50="","",INDEX('Eredmény'!$AM$2:$AM$201,$W50)) | D50: =IF($W50="","",INDEX('Eredmény'!$AN$2:$AN$201,$W50)) | E50: =IF($W50="","",INDEX('Eredmény'!$AQ$2:$AQ$201,$W50)) | F50: =IF($W50="","",INDEX('Eredmény'!$AR$2:$AR$201,$W50)) | G50: =IF($W50="","",INDEX('Eredmény'!$AS$2:$AS$201,$W50)) | H50: =IF($W50="","",INDEX('Eredmény'!$AI$2:$AI$201,$W50)) | I50: =IF($W50="","",INDEX('Eredmény'!$AJ$2:$AJ$201,$W50)) | J50: =IF($W50="","",INDEX('Eredmény'!$AK$2:$AK$201,$W50)) | K50: =IF($W50="","",INDEX('Eredmény'!$AL$2:$AL$201,$W50)) | L50: =IF($W50="","",INDEX('Eredmény'!$AZ$2:$AZ$201,$W50)) | M50: =IF($W50="","",INDEX('Eredmény'!$BB$2:$BB$201,$W50)) | N50: =IF($W50="","",INDEX('Eredmény'!$BC$2:$BC$201,$W50)) | O50: =IF($W50="","",INDEX('Eredmény'!$BD$2:$BD$201,$W50)) | P50: =IF($W50="","",INDEX('Eredmény'!$BE$2:$BE$201,$W50)) | Q50: =IF($W50="","",INDEX('Eredmény'!$BF$2:$BF$201,$W50)) | R50: =IF($W50="","",INDEX('Eredmény'!$BG$2:$BG$201,$W50)) | S50: =IF($W50="","",INDEX('Eredmény'!$AT$2:$AT$201,$W50)) | T50: =IF($W50="","",INDEX('Eredmény'!$AV$2:$AV$201,$W50)) | U50: =IF($W50="","",INDEX('Eredmény'!$BI$2:$BI$201,$W50)) | W50: =IFERROR(MATCH(LARGE('Eredmény'!$DY$2:$DY$201,46),'Eredmény'!$DY$2:$DY$201,0),"")
A51: =IF($W51="","",INDEX('Eredmény'!$AO$2:$AO$201,$W51)) | B51: =IF($W51="","",INDEX('Eredmény'!$A$2:$A$201,$W51)) | C51: =IF($W51="","",INDEX('Eredmény'!$AM$2:$AM$201,$W51)) | D51: =IF($W51="","",INDEX('Eredmény'!$AN$2:$AN$201,$W51)) | E51: =IF($W51="","",INDEX('Eredmény'!$AQ$2:$AQ$201,$W51)) | F51: =IF($W51="","",INDEX('Eredmény'!$AR$2:$AR$201,$W51)) | G51: =IF($W51="","",INDEX('Eredmény'!$AS$2:$AS$201,$W51)) | H51: =IF($W51="","",INDEX('Eredmény'!$AI$2:$AI$201,$W51)) | I51: =IF($W51="","",INDEX('Eredmény'!$AJ$2:$AJ$201,$W51)) | J51: =IF($W51="","",INDEX('Eredmény'!$AK$2:$AK$201,$W51)) | K51: =IF($W51="","",INDEX('Eredmény'!$AL$2:$AL$201,$W51)) | L51: =IF($W51="","",INDEX('Eredmény'!$AZ$2:$AZ$201,$W51)) | M51: =IF($W51="","",INDEX('Eredmény'!$BB$2:$BB$201,$W51)) | N51: =IF($W51="","",INDEX('Eredmény'!$BC$2:$BC$201,$W51)) | O51: =IF($W51="","",INDEX('Eredmény'!$BD$2:$BD$201,$W51)) | P51: =IF($W51="","",INDEX('Eredmény'!$BE$2:$BE$201,$W51)) | Q51: =IF($W51="","",INDEX('Eredmény'!$BF$2:$BF$201,$W51)) | R51: =IF($W51="","",INDEX('Eredmény'!$BG$2:$BG$201,$W51)) | S51: =IF($W51="","",INDEX('Eredmény'!$AT$2:$AT$201,$W51)) | T51: =IF($W51="","",INDEX('Eredmény'!$AV$2:$AV$201,$W51)) | U51: =IF($W51="","",INDEX('Eredmény'!$BI$2:$BI$201,$W51)) | W51: =IFERROR(MATCH(LARGE('Eredmény'!$DY$2:$DY$201,47),'Eredmény'!$DY$2:$DY$201,0),"")
A52: =IF($W52="","",INDEX('Eredmény'!$AO$2:$AO$201,$W52)) | B52: =IF($W52="","",INDEX('Eredmény'!$A$2:$A$201,$W52)) | C52: =IF($W52="","",INDEX('Eredmény'!$AM$2:$AM$201,$W52)) | D52: =IF($W52="","",INDEX('Eredmény'!$AN$2:$AN$201,$W52)) | E52: =IF($W52="","",INDEX('Eredmény'!$AQ$2:$AQ$201,$W52)) | F52: =IF($W52="","",INDEX('Eredmény'!$AR$2:$AR$201,$W52)) | G52: =IF($W52="","",INDEX('Eredmény'!$AS$2:$AS$201,$W52)) | H52: =IF($W52="","",INDEX('Eredmény'!$AI$2:$AI$201,$W52)) | I52: =IF($W52="","",INDEX('Eredmény'!$AJ$2:$AJ$201,$W52)) | J52: =IF($W52="","",INDEX('Eredmény'!$AK$2:$AK$201,$W52)) | K52: =IF($W52="","",INDEX('Eredmény'!$AL$2:$AL$201,$W52)) | L52: =IF($W52="","",INDEX('Eredmény'!$AZ$2:$AZ$201,$W52)) | M52: =IF($W52="","",INDEX('Eredmény'!$BB$2:$BB$201,$W52)) | N52: =IF($W52="","",INDEX('Eredmény'!$BC$2:$BC$201,$W52)) | O52: =IF($W52="","",INDEX('Eredmény'!$BD$2:$BD$201,$W52)) | P52: =IF($W52="","",INDEX('Eredmény'!$BE$2:$BE$201,$W52)) | Q52: =IF($W52="","",INDEX('Eredmény'!$BF$2:$BF$201,$W52)) | R52: =IF($W52="","",INDEX('Eredmény'!$BG$2:$BG$201,$W52)) | S52: =IF($W52="","",INDEX('Eredmény'!$AT$2:$AT$201,$W52)) | T52: =IF($W52="","",INDEX('Eredmény'!$AV$2:$AV$201,$W52)) | U52: =IF($W52="","",INDEX('Eredmény'!$BI$2:$BI$201,$W52)) | W52: =IFERROR(MATCH(LARGE('Eredmény'!$DY$2:$DY$201,48),'Eredmény'!$DY$2:$DY$201,0),"")
A53: =IF($W53="","",INDEX('Eredmény'!$AO$2:$AO$201,$W53)) | B53: =IF($W53="","",INDEX('Eredmény'!$A$2:$A$201,$W53)) | C53: =IF($W53="","",INDEX('Eredmény'!$AM$2:$AM$201,$W53)) | D53: =IF($W53="","",INDEX('Eredmény'!$AN$2:$AN$201,$W53)) | E53: =IF($W53="","",INDEX('Eredmény'!$AQ$2:$AQ$201,$W53)) | F53: =IF($W53="","",INDEX('Eredmény'!$AR$2:$AR$201,$W53)) | G53: =IF($W53="","",INDEX('Eredmény'!$AS$2:$AS$201,$W53)) | H53: =IF($W53="","",INDEX('Eredmény'!$AI$2:$AI$201,$W53)) | I53: =IF($W53="","",INDEX('Eredmény'!$AJ$2:$AJ$201,$W53)) | J53: =IF($W53="","",INDEX('Eredmény'!$AK$2:$AK$201,$W53)) | K53: =IF($W53="","",INDEX('Eredmény'!$AL$2:$AL$201,$W53)) | L53: =IF($W53="","",INDEX('Eredmény'!$AZ$2:$AZ$201,$W53)) | M53: =IF($W53="","",INDEX('Eredmény'!$BB$2:$BB$201,$W53)) | N53: =IF($W53="","",INDEX('Eredmény'!$BC$2:$BC$201,$W53)) | O53: =IF($W53="","",INDEX('Eredmény'!$BD$2:$BD$201,$W53)) | P53: =IF($W53="","",INDEX('Eredmény'!$BE$2:$BE$201,$W53)) | Q53: =IF($W53="","",INDEX('Eredmény'!$BF$2:$BF$201,$W53)) | R53: =IF($W53="","",INDEX('Eredmény'!$BG$2:$BG$201,$W53)) | S53: =IF($W53="","",INDEX('Eredmény'!$AT$2:$AT$201,$W53)) | T53: =IF($W53="","",INDEX('Eredmény'!$AV$2:$AV$201,$W53)) | U53: =IF($W53="","",INDEX('Eredmény'!$BI$2:$BI$201,$W53)) | W53: =IFERROR(MATCH(LARGE('Eredmény'!$DY$2:$DY$201,49),'Eredmény'!$DY$2:$DY$201,0),"")
A54: =IF($W54="","",INDEX('Eredmény'!$AO$2:$AO$201,$W54)) | B54: =IF($W54="","",INDEX('Eredmény'!$A$2:$A$201,$W54)) | C54: =IF($W54="","",INDEX('Eredmény'!$AM$2:$AM$201,$W54)) | D54: =IF($W54="","",INDEX('Eredmény'!$AN$2:$AN$201,$W54)) | E54: =IF($W54="","",INDEX('Eredmény'!$AQ$2:$AQ$201,$W54)) | F54: =IF($W54="","",INDEX('Eredmény'!$AR$2:$AR$201,$W54)) | G54: =IF($W54="","",INDEX('Eredmény'!$AS$2:$AS$201,$W54)) | H54: =IF($W54="","",INDEX('Eredmény'!$AI$2:$AI$201,$W54)) | I54: =IF($W54="","",INDEX('Eredmény'!$AJ$2:$AJ$201,$W54)) | J54: =IF($W54="","",INDEX('Eredmény'!$AK$2:$AK$201,$W54)) | K54: =IF($W54="","",INDEX('Eredmény'!$AL$2:$AL$201,$W54)) | L54: =IF($W54="","",INDEX('Eredmény'!$AZ$2:$AZ$201,$W54)) | M54: =IF($W54="","",INDEX('Eredmény'!$BB$2:$BB$201,$W54)) | N54: =IF($W54="","",INDEX('Eredmény'!$BC$2:$BC$201,$W54)) | O54: =IF($W54="","",INDEX('Eredmény'!$BD$2:$BD$201,$W54)) | P54: =IF($W54="","",INDEX('Eredmény'!$BE$2:$BE$201,$W54)) | Q54: =IF($W54="","",INDEX('Eredmény'!$BF$2:$BF$201,$W54)) | R54: =IF($W54="","",INDEX('Eredmény'!$BG$2:$BG$201,$W54)) | S54: =IF($W54="","",INDEX('Eredmény'!$AT$2:$AT$201,$W54)) | T54: =IF($W54="","",INDEX('Eredmény'!$AV$2:$AV$201,$W54)) | U54: =IF($W54="","",INDEX('Eredmény'!$BI$2:$BI$201,$W54)) | W54: =IFERROR(MATCH(LARGE('Eredmény'!$DY$2:$DY$201,50),'Eredmény'!$DY$2:$DY$201,0),"")
A55: =IF($W55="","",INDEX('Eredmény'!$AO$2:$AO$201,$W55)) | B55: =IF($W55="","",INDEX('Eredmény'!$A$2:$A$201,$W55)) | C55: =IF($W55="","",INDEX('Eredmény'!$AM$2:$AM$201,$W55)) | D55: =IF($W55="","",INDEX('Eredmény'!$AN$2:$AN$201,$W55)) | E55: =IF($W55="","",INDEX('Eredmény'!$AQ$2:$AQ$201,$W55)) | F55: =IF($W55="","",INDEX('Eredmény'!$AR$2:$AR$201,$W55)) | G55: =IF($W55="","",INDEX('Eredmény'!$AS$2:$AS$201,$W55)) | H55: =IF($W55="","",INDEX('Eredmény'!$AI$2:$AI$201,$W55)) | I55: =IF($W55="","",INDEX('Eredmény'!$AJ$2:$AJ$201,$W55)) | J55: =IF($W55="","",INDEX('Eredmény'!$AK$2:$AK$201,$W55)) | K55: =IF($W55="","",INDEX('Eredmény'!$AL$2:$AL$201,$W55)) | L55: =IF($W55="","",INDEX('Eredmény'!$AZ$2:$AZ$201,$W55)) | M55: =IF($W55="","",INDEX('Eredmény'!$BB$2:$BB$201,$W55)) | N55: =IF($W55="","",INDEX('Eredmény'!$BC$2:$BC$201,$W55)) | O55: =IF($W55="","",INDEX('Eredmény'!$BD$2:$BD$201,$W55)) | P55: =IF($W55="","",INDEX('Eredmény'!$BE$2:$BE$201,$W55)) | Q55: =IF($W55="","",INDEX('Eredmény'!$BF$2:$BF$201,$W55)) | R55: =IF($W55="","",INDEX('Eredmény'!$BG$2:$BG$201,$W55)) | S55: =IF($W55="","",INDEX('Eredmény'!$AT$2:$AT$201,$W55)) | T55: =IF($W55="","",INDEX('Eredmény'!$AV$2:$AV$201,$W55)) | U55: =IF($W55="","",INDEX('Eredmény'!$BI$2:$BI$201,$W55)) | W55: =IFERROR(MATCH(LARGE('Eredmény'!$DY$2:$DY$201,51),'Eredmény'!$DY$2:$DY$201,0),"")
A56: =IF($W56="","",INDEX('Eredmény'!$AO$2:$AO$201,$W56)) | B56: =IF($W56="","",INDEX('Eredmény'!$A$2:$A$201,$W56)) | C56: =IF($W56="","",INDEX('Eredmény'!$AM$2:$AM$201,$W56)) | D56: =IF($W56="","",INDEX('Eredmény'!$AN$2:$AN$201,$W56)) | E56: =IF($W56="","",INDEX('Eredmény'!$AQ$2:$AQ$201,$W56)) | F56: =IF($W56="","",INDEX('Eredmény'!$AR$2:$AR$201,$W56)) | G56: =IF($W56="","",INDEX('Eredmény'!$AS$2:$AS$201,$W56)) | H56: =IF($W56="","",INDEX('Eredmény'!$AI$2:$AI$201,$W56)) | I56: =IF($W56="","",INDEX('Eredmény'!$AJ$2:$AJ$201,$W56)) | J56: =IF($W56="","",INDEX('Eredmény'!$AK$2:$AK$201,$W56)) | K56: =IF($W56="","",INDEX('Eredmény'!$AL$2:$AL$201,$W56)) | L56: =IF($W56="","",INDEX('Eredmény'!$AZ$2:$AZ$201,$W56)) | M56: =IF($W56="","",INDEX('Eredmény'!$BB$2:$BB$201,$W56)) | N56: =IF($W56="","",INDEX('Eredmény'!$BC$2:$BC$201,$W56)) | O56: =IF($W56="","",INDEX('Eredmény'!$BD$2:$BD$201,$W56)) | P56: =IF($W56="","",INDEX('Eredmény'!$BE$2:$BE$201,$W56)) | Q56: =IF($W56="","",INDEX('Eredmény'!$BF$2:$BF$201,$W56)) | R56: =IF($W56="","",INDEX('Eredmény'!$BG$2:$BG$201,$W56)) | S56: =IF($W56="","",INDEX('Eredmény'!$AT$2:$AT$201,$W56)) | T56: =IF($W56="","",INDEX('Eredmény'!$AV$2:$AV$201,$W56)) | U56: =IF($W56="","",INDEX('Eredmény'!$BI$2:$BI$201,$W56)) | W56: =IFERROR(MATCH(LARGE('Eredmény'!$DY$2:$DY$201,52),'Eredmény'!$DY$2:$DY$201,0),"")
A57: =IF($W57="","",INDEX('Eredmény'!$AO$2:$AO$201,$W57)) | B57: =IF($W57="","",INDEX('Eredmény'!$A$2:$A$201,$W57)) | C57: =IF($W57="","",INDEX('Eredmény'!$AM$2:$AM$201,$W57)) | D57: =IF($W57="","",INDEX('Eredmény'!$AN$2:$AN$201,$W57)) | E57: =IF($W57="","",INDEX('Eredmény'!$AQ$2:$AQ$201,$W57)) | F57: =IF($W57="","",INDEX('Eredmény'!$AR$2:$AR$201,$W57)) | G57: =IF($W57="","",INDEX('Eredmény'!$AS$2:$AS$201,$W57)) | H57: =IF($W57="","",INDEX('Eredmény'!$AI$2:$AI$201,$W57)) | I57: =IF($W57="","",INDEX('Eredmény'!$AJ$2:$AJ$201,$W57)) | J57: =IF($W57="","",INDEX('Eredmény'!$AK$2:$AK$201,$W57)) | K57: =IF($W57="","",INDEX('Eredmény'!$AL$2:$AL$201,$W57)) | L57: =IF($W57="","",INDEX('Eredmény'!$AZ$2:$AZ$201,$W57)) | M57: =IF($W57="","",INDEX('Eredmény'!$BB$2:$BB$201,$W57)) | N57: =IF($W57="","",INDEX('Eredmény'!$BC$2:$BC$201,$W57)) | O57: =IF($W57="","",INDEX('Eredmény'!$BD$2:$BD$201,$W57)) | P57: =IF($W57="","",INDEX('Eredmény'!$BE$2:$BE$201,$W57)) | Q57: =IF($W57="","",INDEX('Eredmény'!$BF$2:$BF$201,$W57)) | R57: =IF($W57="","",INDEX('Eredmény'!$BG$2:$BG$201,$W57)) | S57: =IF($W57="","",INDEX('Eredmény'!$AT$2:$AT$201,$W57)) | T57: =IF($W57="","",INDEX('Eredmény'!$AV$2:$AV$201,$W57)) | U57: =IF($W57="","",INDEX('Eredmény'!$BI$2:$BI$201,$W57)) | W57: =IFERROR(MATCH(LARGE('Eredmény'!$DY$2:$DY$201,53),'Eredmény'!$DY$2:$DY$201,0),"")
A58: =IF($W58="","",INDEX('Eredmény'!$AO$2:$AO$201,$W58)) | B58: =IF($W58="","",INDEX('Eredmény'!$A$2:$A$201,$W58)) | C58: =IF($W58="","",INDEX('Eredmény'!$AM$2:$AM$201,$W58)) | D58: =IF($W58="","",INDEX('Eredmény'!$AN$2:$AN$201,$W58)) | E58: =IF($W58="","",INDEX('Eredmény'!$AQ$2:$AQ$201,$W58)) | F58: =IF($W58="","",INDEX('Eredmény'!$AR$2:$AR$201,$W58)) | G58: =IF($W58="","",INDEX('Eredmény'!$AS$2:$AS$201,$W58)) | H58: =IF($W58="","",INDEX('Eredmény'!$AI$2:$AI$201,$W58)) | I58: =IF($W58="","",INDEX('Eredmény'!$AJ$2:$AJ$201,$W58)) | J58: =IF($W58="","",INDEX('Eredmény'!$AK$2:$AK$201,$W58)) | K58: =IF($W58="","",INDEX('Eredmény'!$AL$2:$AL$201,$W58)) | L58: =IF($W58="","",INDEX('Eredmény'!$AZ$2:$AZ$201,$W58)) | M58: =IF($W58="","",INDEX('Eredmény'!$BB$2:$BB$201,$W58)) | N58: =IF($W58="","",INDEX('Eredmény'!$BC$2:$BC$201,$W58)) | O58: =IF($W58="","",INDEX('Eredmény'!$BD$2:$BD$201,$W58)) | P58: =IF($W58="","",INDEX('Eredmény'!$BE$2:$BE$201,$W58)) | Q58: =IF($W58="","",INDEX('Eredmény'!$BF$2:$BF$201,$W58)) | R58: =IF($W58="","",INDEX('Eredmény'!$BG$2:$BG$201,$W58)) | S58: =IF($W58="","",INDEX('Eredmény'!$AT$2:$AT$201,$W58)) | T58: =IF($W58="","",INDEX('Eredmény'!$AV$2:$AV$201,$W58)) | U58: =IF($W58="","",INDEX('Eredmény'!$BI$2:$BI$201,$W58)) | W58: =IFERROR(MATCH(LARGE('Eredmény'!$DY$2:$DY$201,54),'Eredmény'!$DY$2:$DY$201,0),"")
A59: =IF($W59="","",INDEX('Eredmény'!$AO$2:$AO$201,$W59)) | B59: =IF($W59="","",INDEX('Eredmény'!$A$2:$A$201,$W59)) | C59: =IF($W59="","",INDEX('Eredmény'!$AM$2:$AM$201,$W59)) | D59: =IF($W59="","",INDEX('Eredmény'!$AN$2:$AN$201,$W59)) | E59: =IF($W59="","",INDEX('Eredmény'!$AQ$2:$AQ$201,$W59)) | F59: =IF($W59="","",INDEX('Eredmény'!$AR$2:$AR$201,$W59)) | G59: =IF($W59="","",INDEX('Eredmény'!$AS$2:$AS$201,$W59)) | H59: =IF($W59="","",INDEX('Eredmény'!$AI$2:$AI$201,$W59)) | I59: =IF($W59="","",INDEX('Eredmény'!$AJ$2:$AJ$201,$W59)) | J59: =IF($W59="","",INDEX('Eredmény'!$AK$2:$AK$201,$W59)) | K59: =IF($W59="","",INDEX('Eredmény'!$AL$2:$AL$201,$W59)) | L59: =IF($W59="","",INDEX('Eredmény'!$AZ$2:$AZ$201,$W59)) | M59: =IF($W59="","",INDEX('Eredmény'!$BB$2:$BB$201,$W59)) | N59: =IF($W59="","",INDEX('Eredmény'!$BC$2:$BC$201,$W59)) | O59: =IF($W59="","",INDEX('Eredmény'!$BD$2:$BD$201,$W59)) | P59: =IF($W59="","",INDEX('Eredmény'!$BE$2:$BE$201,$W59)) | Q59: =IF($W59="","",INDEX('Eredmény'!$BF$2:$BF$201,$W59)) | R59: =IF($W59="","",INDEX('Eredmény'!$BG$2:$BG$201,$W59)) | S59: =IF($W59="","",INDEX('Eredmény'!$AT$2:$AT$201,$W59)) | T59: =IF($W59="","",INDEX('Eredmény'!$AV$2:$AV$201,$W59)) | U59: =IF($W59="","",INDEX('Eredmény'!$BI$2:$BI$201,$W59)) | W59: =IFERROR(MATCH(LARGE('Eredmény'!$DY$2:$DY$201,55),'Eredmény'!$DY$2:$DY$201,0),"")
A60: =IF($W60="","",INDEX('Eredmény'!$AO$2:$AO$201,$W60)) | B60: =IF($W60="","",INDEX('Eredmény'!$A$2:$A$201,$W60)) | C60: =IF($W60="","",INDEX('Eredmény'!$AM$2:$AM$201,$W60)) | D60: =IF($W60="","",INDEX('Eredmény'!$AN$2:$AN$201,$W60)) | E60: =IF($W60="","",INDEX('Eredmény'!$AQ$2:$AQ$201,$W60)) | F60: =IF($W60="","",INDEX('Eredmény'!$AR$2:$AR$201,$W60)) | G60: =IF($W60="","",INDEX('Eredmény'!$AS$2:$AS$201,$W60)) | H60: =IF($W60="","",INDEX('Eredmény'!$AI$2:$AI$201,$W60)) | I60: =IF($W60="","",INDEX('Eredmény'!$AJ$2:$AJ$201,$W60)) | J60: =IF($W60="","",INDEX('Eredmény'!$AK$2:$AK$201,$W60)) | K60: =IF($W60="","",INDEX('Eredmény'!$AL$2:$AL$201,$W60)) | L60: =IF($W60="","",INDEX('Eredmény'!$AZ$2:$AZ$201,$W60)) | M60: =IF($W60="","",INDEX('Eredmény'!$BB$2:$BB$201,$W60)) | N60: =IF($W60="","",INDEX('Eredmény'!$BC$2:$BC$201,$W60)) | O60: =IF($W60="","",INDEX('Eredmény'!$BD$2:$BD$201,$W60)) | P60: =IF($W60="","",INDEX('Eredmény'!$BE$2:$BE$201,$W60)) | Q60: =IF($W60="","",INDEX('Eredmény'!$BF$2:$BF$201,$W60)) | R60: =IF($W60="","",INDEX('Eredmény'!$BG$2:$BG$201,$W60)) | S60: =IF($W60="","",INDEX('Eredmény'!$AT$2:$AT$201,$W60)) | T60: =IF($W60="","",INDEX('Eredmény'!$AV$2:$AV$201,$W60)) | U60: =IF($W60="","",INDEX('Eredmény'!$BI$2:$BI$201,$W60)) | W60: =IFERROR(MATCH(LARGE('Eredmény'!$DY$2:$DY$201,56),'Eredmény'!$DY$2:$DY$201,0),"")
A61: =IF($W61="","",INDEX('Eredmény'!$AO$2:$AO$201,$W61)) | B61: =IF($W61="","",INDEX('Eredmény'!$A$2:$A$201,$W61)) | C61: =IF($W61="","",INDEX('Eredmény'!$AM$2:$AM$201,$W61)) | D61: =IF($W61="","",INDEX('Eredmény'!$AN$2:$AN$201,$W61)) | E61: =IF($W61="","",INDEX('Eredmény'!$AQ$2:$AQ$201,$W61)) | F61: =IF($W61="","",INDEX('Eredmény'!$AR$2:$AR$201,$W61)) | G61: =IF($W61="","",INDEX('Eredmény'!$AS$2:$AS$201,$W61)) | H61: =IF($W61="","",INDEX('Eredmény'!$AI$2:$AI$201,$W61)) | I61: =IF($W61="","",INDEX('Eredmény'!$AJ$2:$AJ$201,$W61)) | J61: =IF($W61="","",INDEX('Eredmény'!$AK$2:$AK$201,$W61)) | K61: =IF($W61="","",INDEX('Eredmény'!$AL$2:$AL$201,$W61)) | L61: =IF($W61="","",INDEX('Eredmény'!$AZ$2:$AZ$201,$W61)) | M61: =IF($W61="","",INDEX('Eredmény'!$BB$2:$BB$201,$W61)) | N61: =IF($W61="","",INDEX('Eredmény'!$BC$2:$BC$201,$W61)) | O61: =IF($W61="","",INDEX('Eredmény'!$BD$2:$BD$201,$W61)) | P61: =IF($W61="","",INDEX('Eredmény'!$BE$2:$BE$201,$W61)) | Q61: =IF($W61="","",INDEX('Eredmény'!$BF$2:$BF$201,$W61)) | R61: =IF($W61="","",INDEX('Eredmény'!$BG$2:$BG$201,$W61)) | S61: =IF($W61="","",INDEX('Eredmény'!$AT$2:$AT$201,$W61)) | T61: =IF($W61="","",INDEX('Eredmény'!$AV$2:$AV$201,$W61)) | U61: =IF($W61="","",INDEX('Eredmény'!$BI$2:$BI$201,$W61)) | W61: =IFERROR(MATCH(LARGE('Eredmény'!$DY$2:$DY$201,57),'Eredmény'!$DY$2:$DY$201,0),"")
A62: =IF($W62="","",INDEX('Eredmény'!$AO$2:$AO$201,$W62)) | B62: =IF($W62="","",INDEX('Eredmény'!$A$2:$A$201,$W62)) | C62: =IF($W62="","",INDEX('Eredmény'!$AM$2:$AM$201,$W62)) | D62: =IF($W62="","",INDEX('Eredmény'!$AN$2:$AN$201,$W62)) | E62: =IF($W62="","",INDEX('Eredmény'!$AQ$2:$AQ$201,$W62)) | F62: =IF($W62="","",INDEX('Eredmény'!$AR$2:$AR$201,$W62)) | G62: =IF($W62="","",INDEX('Eredmény'!$AS$2:$AS$201,$W62)) | H62: =IF($W62="","",INDEX('Eredmény'!$AI$2:$AI$201,$W62)) | I62: =IF($W62="","",INDEX('Eredmény'!$AJ$2:$AJ$201,$W62)) | J62: =IF($W62="","",INDEX('Eredmény'!$AK$2:$AK$201,$W62)) | K62: =IF($W62="","",INDEX('Eredmény'!$AL$2:$AL$201,$W62)) | L62: =IF($W62="","",INDEX('Eredmény'!$AZ$2:$AZ$201,$W62)) | M62: =IF($W62="","",INDEX('Eredmény'!$BB$2:$BB$201,$W62)) | N62: =IF($W62="","",INDEX('Eredmény'!$BC$2:$BC$201,$W62)) | O62: =IF($W62="","",INDEX('Eredmény'!$BD$2:$BD$201,$W62)) | P62: =IF($W62="","",INDEX('Eredmény'!$BE$2:$BE$201,$W62)) | Q62: =IF($W62="","",INDEX('Eredmény'!$BF$2:$BF$201,$W62)) | R62: =IF($W62="","",INDEX('Eredmény'!$BG$2:$BG$201,$W62)) | S62: =IF($W62="","",INDEX('Eredmény'!$AT$2:$AT$201,$W62)) | T62: =IF($W62="","",INDEX('Eredmény'!$AV$2:$AV$201,$W62)) | U62: =IF($W62="","",INDEX('Eredmény'!$BI$2:$BI$201,$W62)) | W62: =IFERROR(MATCH(LARGE('Eredmény'!$DY$2:$DY$201,58),'Eredmény'!$DY$2:$DY$201,0),"")
A63: =IF($W63="","",INDEX('Eredmény'!$AO$2:$AO$201,$W63)) | B63: =IF($W63="","",INDEX('Eredmény'!$A$2:$A$201,$W63)) | C63: =IF($W63="","",INDEX('Eredmény'!$AM$2:$AM$201,$W63)) | D63: =IF($W63="","",INDEX('Eredmény'!$AN$2:$AN$201,$W63)) | E63: =IF($W63="","",INDEX('Eredmény'!$AQ$2:$AQ$201,$W63)) | F63: =IF($W63="","",INDEX('Eredmény'!$AR$2:$AR$201,$W63)) | G63: =IF($W63="","",INDEX('Eredmény'!$AS$2:$AS$201,$W63)) | H63: =IF($W63="","",INDEX('Eredmény'!$AI$2:$AI$201,$W63)) | I63: =IF($W63="","",INDEX('Eredmény'!$AJ$2:$AJ$201,$W63)) | J63: =IF($W63="","",INDEX('Eredmény'!$AK$2:$AK$201,$W63)) | K63: =IF($W63="","",INDEX('Eredmény'!$AL$2:$AL$201,$W63)) | L63: =IF($W63="","",INDEX('Eredmény'!$AZ$2:$AZ$201,$W63)) | M63: =IF($W63="","",INDEX('Eredmény'!$BB$2:$BB$201,$W63)) | N63: =IF($W63="","",INDEX('Eredmény'!$BC$2:$BC$201,$W63)) | O63: =IF($W63="","",INDEX('Eredmény'!$BD$2:$BD$201,$W63)) | P63: =IF($W63="","",INDEX('Eredmény'!$BE$2:$BE$201,$W63)) | Q63: =IF($W63="","",INDEX('Eredmény'!$BF$2:$BF$201,$W63)) | R63: =IF($W63="","",INDEX('Eredmény'!$BG$2:$BG$201,$W63)) | S63: =IF($W63="","",INDEX('Eredmény'!$AT$2:$AT$201,$W63)) | T63: =IF($W63="","",INDEX('Eredmény'!$AV$2:$AV$201,$W63)) | U63: =IF($W63="","",INDEX('Eredmény'!$BI$2:$BI$201,$W63)) | W63: =IFERROR(MATCH(LARGE('Eredmény'!$DY$2:$DY$201,59),'Eredmény'!$DY$2:$DY$201,0),"")
A64: =IF($W64="","",INDEX('Eredmény'!$AO$2:$AO$201,$W64)) | B64: =IF($W64="","",INDEX('Eredmény'!$A$2:$A$201,$W64)) | C64: =IF($W64="","",INDEX('Eredmény'!$AM$2:$AM$201,$W64)) | D64: =IF($W64="","",INDEX('Eredmény'!$AN$2:$AN$201,$W64)) | E64: =IF($W64="","",INDEX('Eredmény'!$AQ$2:$AQ$201,$W64)) | F64: =IF($W64="","",INDEX('Eredmény'!$AR$2:$AR$201,$W64)) | G64: =IF($W64="","",INDEX('Eredmény'!$AS$2:$AS$201,$W64)) | H64: =IF($W64="","",INDEX('Eredmény'!$AI$2:$AI$201,$W64)) | I64: =IF($W64="","",INDEX('Eredmény'!$AJ$2:$AJ$201,$W64)) | J64: =IF($W64="","",INDEX('Eredmény'!$AK$2:$AK$201,$W64)) | K64: =IF($W64="","",INDEX('Eredmény'!$AL$2:$AL$201,$W64)) | L64: =IF($W64="","",INDEX('Eredmény'!$AZ$2:$AZ$201,$W64)) | M64: =IF($W64="","",INDEX('Eredmény'!$BB$2:$BB$201,$W64)) | N64: =IF($W64="","",INDEX('Eredmény'!$BC$2:$BC$201,$W64)) | O64: =IF($W64="","",INDEX('Eredmény'!$BD$2:$BD$201,$W64)) | P64: =IF($W64="","",INDEX('Eredmény'!$BE$2:$BE$201,$W64)) | Q64: =IF($W64="","",INDEX('Eredmény'!$BF$2:$BF$201,$W64)) | R64: =IF($W64="","",INDEX('Eredmény'!$BG$2:$BG$201,$W64)) | S64: =IF($W64="","",INDEX('Eredmény'!$AT$2:$AT$201,$W64)) | T64: =IF($W64="","",INDEX('Eredmény'!$AV$2:$AV$201,$W64)) | U64: =IF($W64="","",INDEX('Eredmény'!$BI$2:$BI$201,$W64)) | W64: =IFERROR(MATCH(LARGE('Eredmény'!$DY$2:$DY$201,60),'Eredmény'!$DY$2:$DY$201,0),"")
A65: =IF($W65="","",INDEX('Eredmény'!$AO$2:$AO$201,$W65)) | B65: =IF($W65="","",INDEX('Eredmény'!$A$2:$A$201,$W65)) | C65: =IF($W65="","",INDEX('Eredmény'!$AM$2:$AM$201,$W65)) | D65: =IF($W65="","",INDEX('Eredmény'!$AN$2:$AN$201,$W65)) | E65: =IF($W65="","",INDEX('Eredmény'!$AQ$2:$AQ$201,$W65)) | F65: =IF($W65="","",INDEX('Eredmény'!$AR$2:$AR$201,$W65)) | G65: =IF($W65="","",INDEX('Eredmény'!$AS$2:$AS$201,$W65)) | H65: =IF($W65="","",INDEX('Eredmény'!$AI$2:$AI$201,$W65)) | I65: =IF($W65="","",INDEX('Eredmény'!$AJ$2:$AJ$201,$W65)) | J65: =IF($W65="","",INDEX('Eredmény'!$AK$2:$AK$201,$W65)) | K65: =IF($W65="","",INDEX('Eredmény'!$AL$2:$AL$201,$W65)) | L65: =IF($W65="","",INDEX('Eredmény'!$AZ$2:$AZ$201,$W65)) | M65: =IF($W65="","",INDEX('Eredmény'!$BB$2:$BB$201,$W65)) | N65: =IF($W65="","",INDEX('Eredmény'!$BC$2:$BC$201,$W65)) | O65: =IF($W65="","",INDEX('Eredmény'!$BD$2:$BD$201,$W65)) | P65: =IF($W65="","",INDEX('Eredmény'!$BE$2:$BE$201,$W65)) | Q65: =IF($W65="","",INDEX('Eredmény'!$BF$2:$BF$201,$W65)) | R65: =IF($W65="","",INDEX('Eredmény'!$BG$2:$BG$201,$W65)) | S65: =IF($W65="","",INDEX('Eredmény'!$AT$2:$AT$201,$W65)) | T65: =IF($W65="","",INDEX('Eredmény'!$AV$2:$AV$201,$W65)) | U65: =IF($W65="","",INDEX('Eredmény'!$BI$2:$BI$201,$W65)) | W65: =IFERROR(MATCH(LARGE('Eredmény'!$DY$2:$DY$201,61),'Eredmény'!$DY$2:$DY$201,0),"")
A66: =IF($W66="","",INDEX('Eredmény'!$AO$2:$AO$201,$W66)) | B66: =IF($W66="","",INDEX('Eredmény'!$A$2:$A$201,$W66)) | C66: =IF($W66="","",INDEX('Eredmény'!$AM$2:$AM$201,$W66)) | D66: =IF($W66="","",INDEX('Eredmény'!$AN$2:$AN$201,$W66)) | E66: =IF($W66="","",INDEX('Eredmény'!$AQ$2:$AQ$201,$W66)) | F66: =IF($W66="","",INDEX('Eredmény'!$AR$2:$AR$201,$W66)) | G66: =IF($W66="","",INDEX('Eredmény'!$AS$2:$AS$201,$W66)) | H66: =IF($W66="","",INDEX('Eredmény'!$AI$2:$AI$201,$W66)) | I66: =IF($W66="","",INDEX('Eredmény'!$AJ$2:$AJ$201,$W66)) | J66: =IF($W66="","",INDEX('Eredmény'!$AK$2:$AK$201,$W66)) | K66: =IF($W66="","",INDEX('Eredmény'!$AL$2:$AL$201,$W66)) | L66: =IF($W66="","",INDEX('Eredmény'!$AZ$2:$AZ$201,$W66)) | M66: =IF($W66="","",INDEX('Eredmény'!$BB$2:$BB$201,$W66)) | N66: =IF($W66="","",INDEX('Eredmény'!$BC$2:$BC$201,$W66)) | O66: =IF($W66="","",INDEX('Eredmény'!$BD$2:$BD$201,$W66)) | P66: =IF($W66="","",INDEX('Eredmény'!$BE$2:$BE$201,$W66)) | Q66: =IF($W66="","",INDEX('Eredmény'!$BF$2:$BF$201,$W66)) | R66: =IF($W66="","",INDEX('Eredmény'!$BG$2:$BG$201,$W66)) | S66: =IF($W66="","",INDEX('Eredmény'!$AT$2:$AT$201,$W66)) | T66: =IF($W66="","",INDEX('Eredmény'!$AV$2:$AV$201,$W66)) | U66: =IF($W66="","",INDEX('Eredmény'!$BI$2:$BI$201,$W66)) | W66: =IFERROR(MATCH(LARGE('Eredmény'!$DY$2:$DY$201,62),'Eredmény'!$DY$2:$DY$201,0),"")
A67: =IF($W67="","",INDEX('Eredmény'!$AO$2:$AO$201,$W67)) | B67: =IF($W67="","",INDEX('Eredmény'!$A$2:$A$201,$W67)) | C67: =IF($W67="","",INDEX('Eredmény'!$AM$2:$AM$201,$W67)) | D67: =IF($W67="","",INDEX('Eredmény'!$AN$2:$AN$201,$W67)) | E67: =IF($W67="","",INDEX('Eredmény'!$AQ$2:$AQ$201,$W67)) | F67: =IF($W67="","",INDEX('Eredmény'!$AR$2:$AR$201,$W67)) | G67: =IF($W67="","",INDEX('Eredmény'!$AS$2:$AS$201,$W67)) | H67: =IF($W67="","",INDEX('Eredmény'!$AI$2:$AI$201,$W67)) | I67: =IF($W67="","",INDEX('Eredmény'!$AJ$2:$AJ$201,$W67)) | J67: =IF($W67="","",INDEX('Eredmény'!$AK$2:$AK$201,$W67)) | K67: =IF($W67="","",INDEX('Eredmény'!$AL$2:$AL$201,$W67)) | L67: =IF($W67="","",INDEX('Eredmény'!$AZ$2:$AZ$201,$W67)) | M67: =IF($W67="","",INDEX('Eredmény'!$BB$2:$BB$201,$W67)) | N67: =IF($W67="","",INDEX('Eredmény'!$BC$2:$BC$201,$W67)) | O67: =IF($W67="","",INDEX('Eredmény'!$BD$2:$BD$201,$W67)) | P67: =IF($W67="","",INDEX('Eredmény'!$BE$2:$BE$201,$W67)) | Q67: =IF($W67="","",INDEX('Eredmény'!$BF$2:$BF$201,$W67)) | R67: =IF($W67="","",INDEX('Eredmény'!$BG$2:$BG$201,$W67)) | S67: =IF($W67="","",INDEX('Eredmény'!$AT$2:$AT$201,$W67)) | T67: =IF($W67="","",INDEX('Eredmény'!$AV$2:$AV$201,$W67)) | U67: =IF($W67="","",INDEX('Eredmény'!$BI$2:$BI$201,$W67)) | W67: =IFERROR(MATCH(LARGE('Eredmény'!$DY$2:$DY$201,63),'Eredmény'!$DY$2:$DY$201,0),"")
A68: =IF($W68="","",INDEX('Eredmény'!$AO$2:$AO$201,$W68)) | B68: =IF($W68="","",INDEX('Eredmény'!$A$2:$A$201,$W68)) | C68: =IF($W68="","",INDEX('Eredmény'!$AM$2:$AM$201,$W68)) | D68: =IF($W68="","",INDEX('Eredmény'!$AN$2:$AN$201,$W68)) | E68: =IF($W68="","",INDEX('Eredmény'!$AQ$2:$AQ$201,$W68)) | F68: =IF($W68="","",INDEX('Eredmény'!$AR$2:$AR$201,$W68)) | G68: =IF($W68="","",INDEX('Eredmény'!$AS$2:$AS$201,$W68)) | H68: =IF($W68="","",INDEX('Eredmény'!$AI$2:$AI$201,$W68)) | I68: =IF($W68="","",INDEX('Eredmény'!$AJ$2:$AJ$201,$W68)) | J68: =IF($W68="","",INDEX('Eredmény'!$AK$2:$AK$201,$W68)) | K68: =IF($W68="","",INDEX('Eredmény'!$AL$2:$AL$201,$W68)) | L68: =IF($W68="","",INDEX('Eredmény'!$AZ$2:$AZ$201,$W68)) | M68: =IF($W68="","",INDEX('Eredmény'!$BB$2:$BB$201,$W68)) | N68: =IF($W68="","",INDEX('Eredmény'!$BC$2:$BC$201,$W68)) | O68: =IF($W68="","",INDEX('Eredmény'!$BD$2:$BD$201,$W68)) | P68: =IF($W68="","",INDEX('Eredmény'!$BE$2:$BE$201,$W68)) | Q68: =IF($W68="","",INDEX('Eredmény'!$BF$2:$BF$201,$W68)) | R68: =IF($W68="","",INDEX('Eredmény'!$BG$2:$BG$201,$W68)) | S68: =IF($W68="","",INDEX('Eredmény'!$AT$2:$AT$201,$W68)) | T68: =IF($W68="","",INDEX('Eredmény'!$AV$2:$AV$201,$W68)) | U68: =IF($W68="","",INDEX('Eredmény'!$BI$2:$BI$201,$W68)) | W68: =IFERROR(MATCH(LARGE('Eredmény'!$DY$2:$DY$201,64),'Eredmény'!$DY$2:$DY$201,0),"")
A69: =IF($W69="","",INDEX('Eredmény'!$AO$2:$AO$201,$W69)) | B69: =IF($W69="","",INDEX('Eredmény'!$A$2:$A$201,$W69)) | C69: =IF($W69="","",INDEX('Eredmény'!$AM$2:$AM$201,$W69)) | D69: =IF($W69="","",INDEX('Eredmény'!$AN$2:$AN$201,$W69)) | E69: =IF($W69="","",INDEX('Eredmény'!$AQ$2:$AQ$201,$W69)) | F69: =IF($W69="","",INDEX('Eredmény'!$AR$2:$AR$201,$W69)) | G69: =IF($W69="","",INDEX('Eredmény'!$AS$2:$AS$201,$W69)) | H69: =IF($W69="","",INDEX('Eredmény'!$AI$2:$AI$201,$W69)) | I69: =IF($W69="","",INDEX('Eredmény'!$AJ$2:$AJ$201,$W69)) | J69: =IF($W69="","",INDEX('Eredmény'!$AK$2:$AK$201,$W69)) | K69: =IF($W69="","",INDEX('Eredmény'!$AL$2:$AL$201,$W69)) | L69: =IF($W69="","",INDEX('Eredmény'!$AZ$2:$AZ$201,$W69)) | M69: =IF($W69="","",INDEX('Eredmény'!$BB$2:$BB$201,$W69)) | N69: =IF($W69="","",INDEX('Eredmény'!$BC$2:$BC$201,$W69)) | O69: =IF($W69="","",INDEX('Eredmény'!$BD$2:$BD$201,$W69)) | P69: =IF($W69="","",INDEX('Eredmény'!$BE$2:$BE$201,$W69)) | Q69: =IF($W69="","",INDEX('Eredmény'!$BF$2:$BF$201,$W69)) | R69: =IF($W69="","",INDEX('Eredmény'!$BG$2:$BG$201,$W69)) | S69: =IF($W69="","",INDEX('Eredmény'!$AT$2:$AT$201,$W69)) | T69: =IF($W69="","",INDEX('Eredmény'!$AV$2:$AV$201,$W69)) | U69: =IF($W69="","",INDEX('Eredmény'!$BI$2:$BI$201,$W69)) | W69: =IFERROR(MATCH(LARGE('Eredmény'!$DY$2:$DY$201,65),'Eredmény'!$DY$2:$DY$201,0),"")
A70: =IF($W70="","",INDEX('Eredmény'!$AO$2:$AO$201,$W70)) | B70: =IF($W70="","",INDEX('Eredmény'!$A$2:$A$201,$W70)) | C70: =IF($W70="","",INDEX('Eredmény'!$AM$2:$AM$201,$W70)) | D70: =IF($W70="","",INDEX('Eredmény'!$AN$2:$AN$201,$W70)) | E70: =IF($W70="","",INDEX('Eredmény'!$AQ$2:$AQ$201,$W70)) | F70: =IF($W70="","",INDEX('Eredmény'!$AR$2:$AR$201,$W70)) | G70: =IF($W70="","",INDEX('Eredmény'!$AS$2:$AS$201,$W70)) | H70: =IF($W70="","",INDEX('Eredmény'!$AI$2:$AI$201,$W70)) | I70: =IF($W70="","",INDEX('Eredmény'!$AJ$2:$AJ$201,$W70)) | J70: =IF($W70="","",INDEX('Eredmény'!$AK$2:$AK$201,$W70)) | K70: =IF($W70="","",INDEX('Eredmény'!$AL$2:$AL$201,$W70)) | L70: =IF($W70="","",INDEX('Eredmény'!$AZ$2:$AZ$201,$W70)) | M70: =IF($W70="","",INDEX('Eredmény'!$BB$2:$BB$201,$W70)) | N70: =IF($W70="","",INDEX('Eredmény'!$BC$2:$BC$201,$W70)) | O70: =IF($W70="","",INDEX('Eredmény'!$BD$2:$BD$201,$W70)) | P70: =IF($W70="","",INDEX('Eredmény'!$BE$2:$BE$201,$W70)) | Q70: =IF($W70="","",INDEX('Eredmény'!$BF$2:$BF$201,$W70)) | R70: =IF($W70="","",INDEX('Eredmény'!$BG$2:$BG$201,$W70)) | S70: =IF($W70="","",INDEX('Eredmény'!$AT$2:$AT$201,$W70)) | T70: =IF($W70="","",INDEX('Eredmény'!$AV$2:$AV$201,$W70)) | U70: =IF($W70="","",INDEX('Eredmény'!$BI$2:$BI$201,$W70)) | W70: =IFERROR(MATCH(LARGE('Eredmény'!$DY$2:$DY$201,66),'Eredmény'!$DY$2:$DY$201,0),"")
A71: =IF($W71="","",INDEX('Eredmény'!$AO$2:$AO$201,$W71)) | B71: =IF($W71="","",INDEX('Eredmény'!$A$2:$A$201,$W71)) | C71: =IF($W71="","",INDEX('Eredmény'!$AM$2:$AM$201,$W71)) | D71: =IF($W71="","",INDEX('Eredmény'!$AN$2:$AN$201,$W71)) | E71: =IF($W71="","",INDEX('Eredmény'!$AQ$2:$AQ$201,$W71)) | F71: =IF($W71="","",INDEX('Eredmény'!$AR$2:$AR$201,$W71)) | G71: =IF($W71="","",INDEX('Eredmény'!$AS$2:$AS$201,$W71)) | H71: =IF($W71="","",INDEX('Eredmény'!$AI$2:$AI$201,$W71)) | I71: =IF($W71="","",INDEX('Eredmény'!$AJ$2:$AJ$201,$W71)) | J71: =IF($W71="","",INDEX('Eredmény'!$AK$2:$AK$201,$W71)) | K71: =IF($W71="","",INDEX('Eredmény'!$AL$2:$AL$201,$W71)) | L71: =IF($W71="","",INDEX('Eredmény'!$AZ$2:$AZ$201,$W71)) | M71: =IF($W71="","",INDEX('Eredmény'!$BB$2:$BB$201,$W71)) | N71: =IF($W71="","",INDEX('Eredmény'!$BC$2:$BC$201,$W71)) | O71: =IF($W71="","",INDEX('Eredmény'!$BD$2:$BD$201,$W71)) | P71: =IF($W71="","",INDEX('Eredmény'!$BE$2:$BE$201,$W71)) | Q71: =IF($W71="","",INDEX('Eredmény'!$BF$2:$BF$201,$W71)) | R71: =IF($W71="","",INDEX('Eredmény'!$BG$2:$BG$201,$W71)) | S71: =IF($W71="","",INDEX('Eredmény'!$AT$2:$AT$201,$W71)) | T71: =IF($W71="","",INDEX('Eredmény'!$AV$2:$AV$201,$W71)) | U71: =IF($W71="","",INDEX('Eredmény'!$BI$2:$BI$201,$W71)) | W71: =IFERROR(MATCH(LARGE('Eredmény'!$DY$2:$DY$201,67),'Eredmény'!$DY$2:$DY$201,0),"")
A72: =IF($W72="","",INDEX('Eredmény'!$AO$2:$AO$201,$W72)) | B72: =IF($W72="","",INDEX('Eredmény'!$A$2:$A$201,$W72)) | C72: =IF($W72="","",INDEX('Eredmény'!$AM$2:$AM$201,$W72)) | D72: =IF($W72="","",INDEX('Eredmény'!$AN$2:$AN$201,$W72)) | E72: =IF($W72="","",INDEX('Eredmény'!$AQ$2:$AQ$201,$W72)) | F72: =IF($W72="","",INDEX('Eredmény'!$AR$2:$AR$201,$W72)) | G72: =IF($W72="","",INDEX('Eredmény'!$AS$2:$AS$201,$W72)) | H72: =IF($W72="","",INDEX('Eredmény'!$AI$2:$AI$201,$W72)) | I72: =IF($W72="","",INDEX('Eredmény'!$AJ$2:$AJ$201,$W72)) | J72: =IF($W72="","",INDEX('Eredmény'!$AK$2:$AK$201,$W72)) | K72: =IF($W72="","",INDEX('Eredmény'!$AL$2:$AL$201,$W72)) | L72: =IF($W72="","",INDEX('Eredmény'!$AZ$2:$AZ$201,$W72)) | M72: =IF($W72="","",INDEX('Eredmény'!$BB$2:$BB$201,$W72)) | N72: =IF($W72="","",INDEX('Eredmény'!$BC$2:$BC$201,$W72)) | O72: =IF($W72="","",INDEX('Eredmény'!$BD$2:$BD$201,$W72)) | P72: =IF($W72="","",INDEX('Eredmény'!$BE$2:$BE$201,$W72)) | Q72: =IF($W72="","",INDEX('Eredmény'!$BF$2:$BF$201,$W72)) | R72: =IF($W72="","",INDEX('Eredmény'!$BG$2:$BG$201,$W72)) | S72: =IF($W72="","",INDEX('Eredmény'!$AT$2:$AT$201,$W72)) | T72: =IF($W72="","",INDEX('Eredmény'!$AV$2:$AV$201,$W72)) | U72: =IF($W72="","",INDEX('Eredmény'!$BI$2:$BI$201,$W72)) | W72: =IFERROR(MATCH(LARGE('Eredmény'!$DY$2:$DY$201,68),'Eredmény'!$DY$2:$DY$201,0),"")
A73: =IF($W73="","",INDEX('Eredmény'!$AO$2:$AO$201,$W73)) | B73: =IF($W73="","",INDEX('Eredmény'!$A$2:$A$201,$W73)) | C73: =IF($W73="","",INDEX('Eredmény'!$AM$2:$AM$201,$W73)) | D73: =IF($W73="","",INDEX('Eredmény'!$AN$2:$AN$201,$W73)) | E73: =IF($W73="","",INDEX('Eredmény'!$AQ$2:$AQ$201,$W73)) | F73: =IF($W73="","",INDEX('Eredmény'!$AR$2:$AR$201,$W73)) | G73: =IF($W73="","",INDEX('Eredmény'!$AS$2:$AS$201,$W73)) | H73: =IF($W73="","",INDEX('Eredmény'!$AI$2:$AI$201,$W73)) | I73: =IF($W73="","",INDEX('Eredmény'!$AJ$2:$AJ$201,$W73)) | J73: =IF($W73="","",INDEX('Eredmény'!$AK$2:$AK$201,$W73)) | K73: =IF($W73="","",INDEX('Eredmény'!$AL$2:$AL$201,$W73)) | L73: =IF($W73="","",INDEX('Eredmény'!$AZ$2:$AZ$201,$W73)) | M73: =IF($W73="","",INDEX('Eredmény'!$BB$2:$BB$201,$W73)) | N73: =IF($W73="","",INDEX('Eredmény'!$BC$2:$BC$201,$W73)) | O73: =IF($W73="","",INDEX('Eredmény'!$BD$2:$BD$201,$W73)) | P73: =IF($W73="","",INDEX('Eredmény'!$BE$2:$BE$201,$W73)) | Q73: =IF($W73="","",INDEX('Eredmény'!$BF$2:$BF$201,$W73)) | R73: =IF($W73="","",INDEX('Eredmény'!$BG$2:$BG$201,$W73)) | S73: =IF($W73="","",INDEX('Eredmény'!$AT$2:$AT$201,$W73)) | T73: =IF($W73="","",INDEX('Eredmény'!$AV$2:$AV$201,$W73)) | U73: =IF($W73="","",INDEX('Eredmény'!$BI$2:$BI$201,$W73)) | W73: =IFERROR(MATCH(LARGE('Eredmény'!$DY$2:$DY$201,69),'Eredmény'!$DY$2:$DY$201,0),"")
A74: =IF($W74="","",INDEX('Eredmény'!$AO$2:$AO$201,$W74)) | B74: =IF($W74="","",INDEX('Eredmény'!$A$2:$A$201,$W74)) | C74: =IF($W74="","",INDEX('Eredmény'!$AM$2:$AM$201,$W74)) | D74: =IF($W74="","",INDEX('Eredmény'!$AN$2:$AN$201,$W74)) | E74: =IF($W74="","",INDEX('Eredmény'!$AQ$2:$AQ$201,$W74)) | F74: =IF($W74="","",INDEX('Eredmény'!$AR$2:$AR$201,$W74)) | G74: =IF($W74="","",INDEX('Eredmény'!$AS$2:$AS$201,$W74)) | H74: =IF($W74="","",INDEX('Eredmény'!$AI$2:$AI$201,$W74)) | I74: =IF($W74="","",INDEX('Eredmény'!$AJ$2:$AJ$201,$W74)) | J74: =IF($W74="","",INDEX('Eredmény'!$AK$2:$AK$201,$W74)) | K74: =IF($W74="","",INDEX('Eredmény'!$AL$2:$AL$201,$W74)) | L74: =IF($W74="","",INDEX('Eredmény'!$AZ$2:$AZ$201,$W74)) | M74: =IF($W74="","",INDEX('Eredmény'!$BB$2:$BB$201,$W74)) | N74: =IF($W74="","",INDEX('Eredmény'!$BC$2:$BC$201,$W74)) | O74: =IF($W74="","",INDEX('Eredmény'!$BD$2:$BD$201,$W74)) | P74: =IF($W74="","",INDEX('Eredmény'!$BE$2:$BE$201,$W74)) | Q74: =IF($W74="","",INDEX('Eredmény'!$BF$2:$BF$201,$W74)) | R74: =IF($W74="","",INDEX('Eredmény'!$BG$2:$BG$201,$W74)) | S74: =IF($W74="","",INDEX('Eredmény'!$AT$2:$AT$201,$W74)) | T74: =IF($W74="","",INDEX('Eredmény'!$AV$2:$AV$201,$W74)) | U74: =IF($W74="","",INDEX('Eredmény'!$BI$2:$BI$201,$W74)) | W74: =IFERROR(MATCH(LARGE('Eredmény'!$DY$2:$DY$201,70),'Eredmény'!$DY$2:$DY$201,0),"")
A75: =IF($W75="","",INDEX('Eredmény'!$AO$2:$AO$201,$W75)) | B75: =IF($W75="","",INDEX('Eredmény'!$A$2:$A$201,$W75)) | C75: =IF($W75="","",INDEX('Eredmény'!$AM$2:$AM$201,$W75)) | D75: =IF($W75="","",INDEX('Eredmény'!$AN$2:$AN$201,$W75)) | E75: =IF($W75="","",INDEX('Eredmény'!$AQ$2:$AQ$201,$W75)) | F75: =IF($W75="","",INDEX('Eredmény'!$AR$2:$AR$201,$W75)) | G75: =IF($W75="","",INDEX('Eredmény'!$AS$2:$AS$201,$W75)) | H75: =IF($W75="","",INDEX('Eredmény'!$AI$2:$AI$201,$W75)) | I75: =IF($W75="","",INDEX('Eredmény'!$AJ$2:$AJ$201,$W75)) | J75: =IF($W75="","",INDEX('Eredmény'!$AK$2:$AK$201,$W75)) | K75: =IF($W75="","",INDEX('Eredmény'!$AL$2:$AL$201,$W75)) | L75: =IF($W75="","",INDEX('Eredmény'!$AZ$2:$AZ$201,$W75)) | M75: =IF($W75="","",INDEX('Eredmény'!$BB$2:$BB$201,$W75)) | N75: =IF($W75="","",INDEX('Eredmény'!$BC$2:$BC$201,$W75)) | O75: =IF($W75="","",INDEX('Eredmény'!$BD$2:$BD$201,$W75)) | P75: =IF($W75="","",INDEX('Eredmény'!$BE$2:$BE$201,$W75)) | Q75: =IF($W75="","",INDEX('Eredmény'!$BF$2:$BF$201,$W75)) | R75: =IF($W75="","",INDEX('Eredmény'!$BG$2:$BG$201,$W75)) | S75: =IF($W75="","",INDEX('Eredmény'!$AT$2:$AT$201,$W75)) | T75: =IF($W75="","",INDEX('Eredmény'!$AV$2:$AV$201,$W75)) | U75: =IF($W75="","",INDEX('Eredmény'!$BI$2:$BI$201,$W75)) | W75: =IFERROR(MATCH(LARGE('Eredmény'!$DY$2:$DY$201,71),'Eredmény'!$DY$2:$DY$201,0),"")
A76: =IF($W76="","",INDEX('Eredmény'!$AO$2:$AO$201,$W76)) | B76: =IF($W76="","",INDEX('Eredmény'!$A$2:$A$201,$W76)) | C76: =IF($W76="","",INDEX('Eredmény'!$AM$2:$AM$201,$W76)) | D76: =IF($W76="","",INDEX('Eredmény'!$AN$2:$AN$201,$W76)) | E76: =IF($W76="","",INDEX('Eredmény'!$AQ$2:$AQ$201,$W76)) | F76: =IF($W76="","",INDEX('Eredmény'!$AR$2:$AR$201,$W76)) | G76: =IF($W76="","",INDEX('Eredmény'!$AS$2:$AS$201,$W76)) | H76: =IF($W76="","",INDEX('Eredmény'!$AI$2:$AI$201,$W76)) | I76: =IF($W76="","",INDEX('Eredmény'!$AJ$2:$AJ$201,$W76)) | J76: =IF($W76="","",INDEX('Eredmény'!$AK$2:$AK$201,$W76)) | K76: =IF($W76="","",INDEX('Eredmény'!$AL$2:$AL$201,$W76)) | L76: =IF($W76="","",INDEX('Eredmény'!$AZ$2:$AZ$201,$W76)) | M76: =IF($W76="","",INDEX('Eredmény'!$BB$2:$BB$201,$W76)) | N76: =IF($W76="","",INDEX('Eredmény'!$BC$2:$BC$201,$W76)) | O76: =IF($W76="","",INDEX('Eredmény'!$BD$2:$BD$201,$W76)) | P76: =IF($W76="","",INDEX('Eredmény'!$BE$2:$BE$201,$W76)) | Q76: =IF($W76="","",INDEX('Eredmény'!$BF$2:$BF$201,$W76)) | R76: =IF($W76="","",INDEX('Eredmény'!$BG$2:$BG$201,$W76)) | S76: =IF($W76="","",INDEX('Eredmény'!$AT$2:$AT$201,$W76)) | T76: =IF($W76="","",INDEX('Eredmény'!$AV$2:$AV$201,$W76)) | U76: =IF($W76="","",INDEX('Eredmény'!$BI$2:$BI$201,$W76)) | W76: =IFERROR(MATCH(LARGE('Eredmény'!$DY$2:$DY$201,72),'Eredmény'!$DY$2:$DY$201,0),"")
A77: =IF($W77="","",INDEX('Eredmény'!$AO$2:$AO$201,$W77)) | B77: =IF($W77="","",INDEX('Eredmény'!$A$2:$A$201,$W77)) | C77: =IF($W77="","",INDEX('Eredmény'!$AM$2:$AM$201,$W77)) | D77: =IF($W77="","",INDEX('Eredmény'!$AN$2:$AN$201,$W77)) | E77: =IF($W77="","",INDEX('Eredmény'!$AQ$2:$AQ$201,$W77)) | F77: =IF($W77="","",INDEX('Eredmény'!$AR$2:$AR$201,$W77)) | G77: =IF($W77="","",INDEX('Eredmény'!$AS$2:$AS$201,$W77)) | H77: =IF($W77="","",INDEX('Eredmény'!$AI$2:$AI$201,$W77)) | I77: =IF($W77="","",INDEX('Eredmény'!$AJ$2:$AJ$201,$W77)) | J77: =IF($W77="","",INDEX('Eredmény'!$AK$2:$AK$201,$W77)) | K77: =IF($W77="","",INDEX('Eredmény'!$AL$2:$AL$201,$W77)) | L77: =IF($W77="","",INDEX('Eredmény'!$AZ$2:$AZ$201,$W77)) | M77: =IF($W77="","",INDEX('Eredmény'!$BB$2:$BB$201,$W77)) | N77: =IF($W77="","",INDEX('Eredmény'!$BC$2:$BC$201,$W77)) | O77: =IF($W77="","",INDEX('Eredmény'!$BD$2:$BD$201,$W77)) | P77: =IF($W77="","",INDEX('Eredmény'!$BE$2:$BE$201,$W77)) | Q77: =IF($W77="","",INDEX('Eredmény'!$BF$2:$BF$201,$W77)) | R77: =IF($W77="","",INDEX('Eredmény'!$BG$2:$BG$201,$W77)) | S77: =IF($W77="","",INDEX('Eredmény'!$AT$2:$AT$201,$W77)) | T77: =IF($W77="","",INDEX('Eredmény'!$AV$2:$AV$201,$W77)) | U77: =IF($W77="","",INDEX('Eredmény'!$BI$2:$BI$201,$W77)) | W77: =IFERROR(MATCH(LARGE('Eredmény'!$DY$2:$DY$201,73),'Eredmény'!$DY$2:$DY$201,0),"")
A78: =IF($W78="","",INDEX('Eredmény'!$AO$2:$AO$201,$W78)) | B78: =IF($W78="","",INDEX('Eredmény'!$A$2:$A$201,$W78)) | C78: =IF($W78="","",INDEX('Eredmény'!$AM$2:$AM$201,$W78)) | D78: =IF($W78="","",INDEX('Eredmény'!$AN$2:$AN$201,$W78)) | E78: =IF($W78="","",INDEX('Eredmény'!$AQ$2:$AQ$201,$W78)) | F78: =IF($W78="","",INDEX('Eredmény'!$AR$2:$AR$201,$W78)) | G78: =IF($W78="","",INDEX('Eredmény'!$AS$2:$AS$201,$W78)) | H78: =IF($W78="","",INDEX('Eredmény'!$AI$2:$AI$201,$W78)) | I78: =IF($W78="","",INDEX('Eredmény'!$AJ$2:$AJ$201,$W78)) | J78: =IF($W78="","",INDEX('Eredmény'!$AK$2:$AK$201,$W78)) | K78: =IF($W78="","",INDEX('Eredmény'!$AL$2:$AL$201,$W78)) | L78: =IF($W78="","",INDEX('Eredmény'!$AZ$2:$AZ$201,$W78)) | M78: =IF($W78="","",INDEX('Eredmény'!$BB$2:$BB$201,$W78)) | N78: =IF($W78="","",INDEX('Eredmény'!$BC$2:$BC$201,$W78)) | O78: =IF($W78="","",INDEX('Eredmény'!$BD$2:$BD$201,$W78)) | P78: =IF($W78="","",INDEX('Eredmény'!$BE$2:$BE$201,$W78)) | Q78: =IF($W78="","",INDEX('Eredmény'!$BF$2:$BF$201,$W78)) | R78: =IF($W78="","",INDEX('Eredmény'!$BG$2:$BG$201,$W78)) | S78: =IF($W78="","",INDEX('Eredmény'!$AT$2:$AT$201,$W78)) | T78: =IF($W78="","",INDEX('Eredmény'!$AV$2:$AV$201,$W78)) | U78: =IF($W78="","",INDEX('Eredmény'!$BI$2:$BI$201,$W78)) | W78: =IFERROR(MATCH(LARGE('Eredmény'!$DY$2:$DY$201,74),'Eredmény'!$DY$2:$DY$201,0),"")
A79: =IF($W79="","",INDEX('Eredmény'!$AO$2:$AO$201,$W79)) | B79: =IF($W79="","",INDEX('Eredmény'!$A$2:$A$201,$W79)) | C79: =IF($W79="","",INDEX('Eredmény'!$AM$2:$AM$201,$W79)) | D79: =IF($W79="","",INDEX('Eredmény'!$AN$2:$AN$201,$W79)) | E79: =IF($W79="","",INDEX('Eredmény'!$AQ$2:$AQ$201,$W79)) | F79: =IF($W79="","",INDEX('Eredmény'!$AR$2:$AR$201,$W79)) | G79: =IF($W79="","",INDEX('Eredmény'!$AS$2:$AS$201,$W79)) | H79: =IF($W79="","",INDEX('Eredmény'!$AI$2:$AI$201,$W79)) | I79: =IF($W79="","",INDEX('Eredmény'!$AJ$2:$AJ$201,$W79)) | J79: =IF($W79="","",INDEX('Eredmény'!$AK$2:$AK$201,$W79)) | K79: =IF($W79="","",INDEX('Eredmény'!$AL$2:$AL$201,$W79)) | L79: =IF($W79="","",INDEX('Eredmény'!$AZ$2:$AZ$201,$W79)) | M79: =IF($W79="","",INDEX('Eredmény'!$BB$2:$BB$201,$W79)) | N79: =IF($W79="","",INDEX('Eredmény'!$BC$2:$BC$201,$W79)) | O79: =IF($W79="","",INDEX('Eredmény'!$BD$2:$BD$201,$W79)) | P79: =IF($W79="","",INDEX('Eredmény'!$BE$2:$BE$201,$W79)) | Q79: =IF($W79="","",INDEX('Eredmény'!$BF$2:$BF$201,$W79)) | R79: =IF($W79="","",INDEX('Eredmény'!$BG$2:$BG$201,$W79)) | S79: =IF($W79="","",INDEX('Eredmény'!$AT$2:$AT$201,$W79)) | T79: =IF($W79="","",INDEX('Eredmény'!$AV$2:$AV$201,$W79)) | U79: =IF($W79="","",INDEX('Eredmény'!$BI$2:$BI$201,$W79)) | W79: =IFERROR(MATCH(LARGE('Eredmény'!$DY$2:$DY$201,75),'Eredmény'!$DY$2:$DY$201,0),"")
A80: =IF($W80="","",INDEX('Eredmény'!$AO$2:$AO$201,$W80)) | B80: =IF($W80="","",INDEX('Eredmény'!$A$2:$A$201,$W80)) | C80: =IF($W80="","",INDEX('Eredmény'!$AM$2:$AM$201,$W80)) | D80: =IF($W80="","",INDEX('Eredmény'!$AN$2:$AN$201,$W80)) | E80: =IF($W80="","",INDEX('Eredmény'!$AQ$2:$AQ$201,$W80)) | F80: =IF($W80="","",INDEX('Eredmény'!$AR$2:$AR$201,$W80)) | G80: =IF($W80="","",INDEX('Eredmény'!$AS$2:$AS$201,$W80)) | H80: =IF($W80="","",INDEX('Eredmény'!$AI$2:$AI$201,$W80)) | I80: =IF($W80="","",INDEX('Eredmény'!$AJ$2:$AJ$201,$W80)) | J80: =IF($W80="","",INDEX('Eredmény'!$AK$2:$AK$201,$W80)) | K80: =IF($W80="","",INDEX('Eredmény'!$AL$2:$AL$201,$W80)) | L80: =IF($W80="","",INDEX('Eredmény'!$AZ$2:$AZ$201,$W80)) | M80: =IF($W80="","",INDEX('Eredmény'!$BB$2:$BB$201,$W80)) | N80: =IF($W80="","",INDEX('Eredmény'!$BC$2:$BC$201,$W80)) | O80: =IF($W80="","",INDEX('Eredmény'!$BD$2:$BD$201,$W80)) | P80: =IF($W80="","",INDEX('Eredmény'!$BE$2:$BE$201,$W80)) | Q80: =IF($W80="","",INDEX('Eredmény'!$BF$2:$BF$201,$W80)) | R80: =IF($W80="","",INDEX('Eredmény'!$BG$2:$BG$201,$W80)) | S80: =IF($W80="","",INDEX('Eredmény'!$AT$2:$AT$201,$W80)) | T80: =IF($W80="","",INDEX('Eredmény'!$AV$2:$AV$201,$W80)) | U80: =IF($W80="","",INDEX('Eredmény'!$BI$2:$BI$201,$W80)) | W80: =IFERROR(MATCH(LARGE('Eredmény'!$DY$2:$DY$201,76),'Eredmény'!$DY$2:$DY$201,0),"")
A81: =IF($W81="","",INDEX('Eredmény'!$AO$2:$AO$201,$W81)) | B81: =IF($W81="","",INDEX('Eredmény'!$A$2:$A$201,$W81)) | C81: =IF($W81="","",INDEX('Eredmény'!$AM$2:$AM$201,$W81)) | D81: =IF($W81="","",INDEX('Eredmény'!$AN$2:$AN$201,$W81)) | E81: =IF($W81="","",INDEX('Eredmény'!$AQ$2:$AQ$201,$W81)) | F81: =IF($W81="","",INDEX('Eredmény'!$AR$2:$AR$201,$W81)) | G81: =IF($W81="","",INDEX('Eredmény'!$AS$2:$AS$201,$W81)) | H81: =IF($W81="","",INDEX('Eredmény'!$AI$2:$AI$201,$W81)) | I81: =IF($W81="","",INDEX('Eredmény'!$AJ$2:$AJ$201,$W81)) | J81: =IF($W81="","",INDEX('Eredmény'!$AK$2:$AK$201,$W81)) | K81: =IF($W81="","",INDEX('Eredmény'!$AL$2:$AL$201,$W81)) | L81: =IF($W81="","",INDEX('Eredmény'!$AZ$2:$AZ$201,$W81)) | M81: =IF($W81="","",INDEX('Eredmény'!$BB$2:$BB$201,$W81)) | N81: =IF($W81="","",INDEX('Eredmény'!$BC$2:$BC$201,$W81)) | O81: =IF($W81="","",INDEX('Eredmény'!$BD$2:$BD$201,$W81)) | P81: =IF($W81="","",INDEX('Eredmény'!$BE$2:$BE$201,$W81)) | Q81: =IF($W81="","",INDEX('Eredmény'!$BF$2:$BF$201,$W81)) | R81: =IF($W81="","",INDEX('Eredmény'!$BG$2:$BG$201,$W81)) | S81: =IF($W81="","",INDEX('Eredmény'!$AT$2:$AT$201,$W81)) | T81: =IF($W81="","",INDEX('Eredmény'!$AV$2:$AV$201,$W81)) | U81: =IF($W81="","",INDEX('Eredmény'!$BI$2:$BI$201,$W81)) | W81: =IFERROR(MATCH(LARGE('Eredmény'!$DY$2:$DY$201,77),'Eredmény'!$DY$2:$DY$201,0),"")
A82: =IF($W82="","",INDEX('Eredmény'!$AO$2:$AO$201,$W82)) | B82: =IF($W82="","",INDEX('Eredmény'!$A$2:$A$201,$W82)) | C82: =IF($W82="","",INDEX('Eredmény'!$AM$2:$AM$201,$W82)) | D82: =IF($W82="","",INDEX('Eredmény'!$AN$2:$AN$201,$W82)) | E82: =IF($W82="","",INDEX('Eredmény'!$AQ$2:$AQ$201,$W82)) | F82: =IF($W82="","",INDEX('Eredmény'!$AR$2:$AR$201,$W82)) | G82: =IF($W82="","",INDEX('Eredmény'!$AS$2:$AS$201,$W82)) | H82: =IF($W82="","",INDEX('Eredmény'!$AI$2:$AI$201,$W82)) | I82: =IF($W82="","",INDEX('Eredmény'!$AJ$2:$AJ$201,$W82)) | J82: =IF($W82="","",INDEX('Eredmény'!$AK$2:$AK$201,$W82)) | K82: =IF($W82="","",INDEX('Eredmény'!$AL$2:$AL$201,$W82)) | L82: =IF($W82="","",INDEX('Eredmény'!$AZ$2:$AZ$201,$W82)) | M82: =IF($W82="","",INDEX('Eredmény'!$BB$2:$BB$201,$W82)) | N82: =IF($W82="","",INDEX('Eredmény'!$BC$2:$BC$201,$W82)) | O82: =IF($W82="","",INDEX('Eredmény'!$BD$2:$BD$201,$W82)) | P82: =IF($W82="","",INDEX('Eredmény'!$BE$2:$BE$201,$W82)) | Q82: =IF($W82="","",INDEX('Eredmény'!$BF$2:$BF$201,$W82)) | R82: =IF($W82="","",INDEX('Eredmény'!$BG$2:$BG$201,$W82)) | S82: =IF($W82="","",INDEX('Eredmény'!$AT$2:$AT$201,$W82)) | T82: =IF($W82="","",INDEX('Eredmény'!$AV$2:$AV$201,$W82)) | U82: =IF($W82="","",INDEX('Eredmény'!$BI$2:$BI$201,$W82)) | W82: =IFERROR(MATCH(LARGE('Eredmény'!$DY$2:$DY$201,78),'Eredmény'!$DY$2:$DY$201,0),"")
A83: =IF($W83="","",INDEX('Eredmény'!$AO$2:$AO$201,$W83)) | B83: =IF($W83="","",INDEX('Eredmény'!$A$2:$A$201,$W83)) | C83: =IF($W83="","",INDEX('Eredmény'!$AM$2:$AM$201,$W83)) | D83: =IF($W83="","",INDEX('Eredmény'!$AN$2:$AN$201,$W83)) | E83: =IF($W83="","",INDEX('Eredmény'!$AQ$2:$AQ$201,$W83)) | F83: =IF($W83="","",INDEX('Eredmény'!$AR$2:$AR$201,$W83)) | G83: =IF($W83="","",INDEX('Eredmény'!$AS$2:$AS$201,$W83)) | H83: =IF($W83="","",INDEX('Eredmény'!$AI$2:$AI$201,$W83)) | I83: =IF($W83="","",INDEX('Eredmény'!$AJ$2:$AJ$201,$W83)) | J83: =IF($W83="","",INDEX('Eredmény'!$AK$2:$AK$201,$W83)) | K83: =IF($W83="","",INDEX('Eredmény'!$AL$2:$AL$201,$W83)) | L83: =IF($W83="","",INDEX('Eredmény'!$AZ$2:$AZ$201,$W83)) | M83: =IF($W83="","",INDEX('Eredmény'!$BB$2:$BB$201,$W83)) | N83: =IF($W83="","",INDEX('Eredmény'!$BC$2:$BC$201,$W83)) | O83: =IF($W83="","",INDEX('Eredmény'!$BD$2:$BD$201,$W83)) | P83: =IF($W83="","",INDEX('Eredmény'!$BE$2:$BE$201,$W83)) | Q83: =IF($W83="","",INDEX('Eredmény'!$BF$2:$BF$201,$W83)) | R83: =IF($W83="","",INDEX('Eredmény'!$BG$2:$BG$201,$W83)) | S83: =IF($W83="","",INDEX('Eredmény'!$AT$2:$AT$201,$W83)) | T83: =IF($W83="","",INDEX('Eredmény'!$AV$2:$AV$201,$W83)) | U83: =IF($W83="","",INDEX('Eredmény'!$BI$2:$BI$201,$W83)) | W83: =IFERROR(MATCH(LARGE('Eredmény'!$DY$2:$DY$201,79),'Eredmény'!$DY$2:$DY$201,0),"")
A84: =IF($W84="","",INDEX('Eredmény'!$AO$2:$AO$201,$W84)) | B84: =IF($W84="","",INDEX('Eredmény'!$A$2:$A$201,$W84)) | C84: =IF($W84="","",INDEX('Eredmény'!$AM$2:$AM$201,$W84)) | D84: =IF($W84="","",INDEX('Eredmény'!$AN$2:$AN$201,$W84)) | E84: =IF($W84="","",INDEX('Eredmény'!$AQ$2:$AQ$201,$W84)) | F84: =IF($W84="","",INDEX('Eredmény'!$AR$2:$AR$201,$W84)) | G84: =IF($W84="","",INDEX('Eredmény'!$AS$2:$AS$201,$W84)) | H84: =IF($W84="","",INDEX('Eredmény'!$AI$2:$AI$201,$W84)) | I84: =IF($W84="","",INDEX('Eredmény'!$AJ$2:$AJ$201,$W84)) | J84: =IF($W84="","",INDEX('Eredmény'!$AK$2:$AK$201,$W84)) | K84: =IF($W84="","",INDEX('Eredmény'!$AL$2:$AL$201,$W84)) | L84: =IF($W84="","",INDEX('Eredmény'!$AZ$2:$AZ$201,$W84)) | M84: =IF($W84="","",INDEX('Eredmény'!$BB$2:$BB$201,$W84)) | N84: =IF($W84="","",INDEX('Eredmény'!$BC$2:$BC$201,$W84)) | O84: =IF($W84="","",INDEX('Eredmény'!$BD$2:$BD$201,$W84)) | P84: =IF($W84="","",INDEX('Eredmény'!$BE$2:$BE$201,$W84)) | Q84: =IF($W84="","",INDEX('Eredmény'!$BF$2:$BF$201,$W84)) | R84: =IF($W84="","",INDEX('Eredmény'!$BG$2:$BG$201,$W84)) | S84: =IF($W84="","",INDEX('Eredmény'!$AT$2:$AT$201,$W84)) | T84: =IF($W84="","",INDEX('Eredmény'!$AV$2:$AV$201,$W84)) | U84: =IF($W84="","",INDEX('Eredmény'!$BI$2:$BI$201,$W84)) | W84: =IFERROR(MATCH(LARGE('Eredmény'!$DY$2:$DY$201,80),'Eredmény'!$DY$2:$DY$201,0),"")
A85: =IF($W85="","",INDEX('Eredmény'!$AO$2:$AO$201,$W85)) | B85: =IF($W85="","",INDEX('Eredmény'!$A$2:$A$201,$W85)) | C85: =IF($W85="","",INDEX('Eredmény'!$AM$2:$AM$201,$W85)) | D85: =IF($W85="","",INDEX('Eredmény'!$AN$2:$AN$201,$W85)) | E85: =IF($W85="","",INDEX('Eredmény'!$AQ$2:$AQ$201,$W85)) | F85: =IF($W85="","",INDEX('Eredmény'!$AR$2:$AR$201,$W85)) | G85: =IF($W85="","",INDEX('Eredmény'!$AS$2:$AS$201,$W85)) | H85: =IF($W85="","",INDEX('Eredmény'!$AI$2:$AI$201,$W85)) | I85: =IF($W85="","",INDEX('Eredmény'!$AJ$2:$AJ$201,$W85)) | J85: =IF($W85="","",INDEX('Eredmény'!$AK$2:$AK$201,$W85)) | K85: =IF($W85="","",INDEX('Eredmény'!$AL$2:$AL$201,$W85)) | L85: =IF($W85="","",INDEX('Eredmény'!$AZ$2:$AZ$201,$W85)) | M85: =IF($W85="","",INDEX('Eredmény'!$BB$2:$BB$201,$W85)) | N85: =IF($W85="","",INDEX('Eredmény'!$BC$2:$BC$201,$W85)) | O85: =IF($W85="","",INDEX('Eredmény'!$BD$2:$BD$201,$W85)) | P85: =IF($W85="","",INDEX('Eredmény'!$BE$2:$BE$201,$W85)) | Q85: =IF($W85="","",INDEX('Eredmény'!$BF$2:$BF$201,$W85)) | R85: =IF($W85="","",INDEX('Eredmény'!$BG$2:$BG$201,$W85)) | S85: =IF($W85="","",INDEX('Eredmény'!$AT$2:$AT$201,$W85)) | T85: =IF($W85="","",INDEX('Eredmény'!$AV$2:$AV$201,$W85)) | U85: =IF($W85="","",INDEX('Eredmény'!$BI$2:$BI$201,$W85)) | W85: =IFERROR(MATCH(LARGE('Eredmény'!$DY$2:$DY$201,81),'Eredmény'!$DY$2:$DY$201,0),"")
A86: =IF($W86="","",INDEX('Eredmény'!$AO$2:$AO$201,$W86)) | B86: =IF($W86="","",INDEX('Eredmény'!$A$2:$A$201,$W86)) | C86: =IF($W86="","",INDEX('Eredmény'!$AM$2:$AM$201,$W86)) | D86: =IF($W86="","",INDEX('Eredmény'!$AN$2:$AN$201,$W86)) | E86: =IF($W86="","",INDEX('Eredmény'!$AQ$2:$AQ$201,$W86)) | F86: =IF($W86="","",INDEX('Eredmény'!$AR$2:$AR$201,$W86)) | G86: =IF($W86="","",INDEX('Eredmény'!$AS$2:$AS$201,$W86)) | H86: =IF($W86="","",INDEX('Eredmény'!$AI$2:$AI$201,$W86)) | I86: =IF($W86="","",INDEX('Eredmény'!$AJ$2:$AJ$201,$W86)) | J86: =IF($W86="","",INDEX('Eredmény'!$AK$2:$AK$201,$W86)) | K86: =IF($W86="","",INDEX('Eredmény'!$AL$2:$AL$201,$W86)) | L86: =IF($W86="","",INDEX('Eredmény'!$AZ$2:$AZ$201,$W86)) | M86: =IF($W86="","",INDEX('Eredmény'!$BB$2:$BB$201,$W86)) | N86: =IF($W86="","",INDEX('Eredmény'!$BC$2:$BC$201,$W86)) | O86: =IF($W86="","",INDEX('Eredmény'!$BD$2:$BD$201,$W86)) | P86: =IF($W86="","",INDEX('Eredmény'!$BE$2:$BE$201,$W86)) | Q86: =IF($W86="","",INDEX('Eredmény'!$BF$2:$BF$201,$W86)) | R86: =IF($W86="","",INDEX('Eredmény'!$BG$2:$BG$201,$W86)) | S86: =IF($W86="","",INDEX('Eredmény'!$AT$2:$AT$201,$W86)) | T86: =IF($W86="","",INDEX('Eredmény'!$AV$2:$AV$201,$W86)) | U86: =IF($W86="","",INDEX('Eredmény'!$BI$2:$BI$201,$W86)) | W86: =IFERROR(MATCH(LARGE('Eredmény'!$DY$2:$DY$201,82),'Eredmény'!$DY$2:$DY$201,0),"")
A87: =IF($W87="","",INDEX('Eredmény'!$AO$2:$AO$201,$W87)) | B87: =IF($W87="","",INDEX('Eredmény'!$A$2:$A$201,$W87)) | C87: =IF($W87="","",INDEX('Eredmény'!$AM$2:$AM$201,$W87)) | D87: =IF($W87="","",INDEX('Eredmény'!$AN$2:$AN$201,$W87)) | E87: =IF($W87="","",INDEX('Eredmény'!$AQ$2:$AQ$201,$W87)) | F87: =IF($W87="","",INDEX('Eredmény'!$AR$2:$AR$201,$W87)) | G87: =IF($W87="","",INDEX('Eredmény'!$AS$2:$AS$201,$W87)) | H87: =IF($W87="","",INDEX('Eredmény'!$AI$2:$AI$201,$W87)) | I87: =IF($W87="","",INDEX('Eredmény'!$AJ$2:$AJ$201,$W87)) | J87: =IF($W87="","",INDEX('Eredmény'!$AK$2:$AK$201,$W87)) | K87: =IF($W87="","",INDEX('Eredmény'!$AL$2:$AL$201,$W87)) | L87: =IF($W87="","",INDEX('Eredmény'!$AZ$2:$AZ$201,$W87)) | M87: =IF($W87="","",INDEX('Eredmény'!$BB$2:$BB$201,$W87)) | N87: =IF($W87="","",INDEX('Eredmény'!$BC$2:$BC$201,$W87)) | O87: =IF($W87="","",INDEX('Eredmény'!$BD$2:$BD$201,$W87)) | P87: =IF($W87="","",INDEX('Eredmény'!$BE$2:$BE$201,$W87)) | Q87: =IF($W87="","",INDEX('Eredmény'!$BF$2:$BF$201,$W87)) | R87: =IF($W87="","",INDEX('Eredmény'!$BG$2:$BG$201,$W87)) | S87: =IF($W87="","",INDEX('Eredmény'!$AT$2:$AT$201,$W87)) | T87: =IF($W87="","",INDEX('Eredmény'!$AV$2:$AV$201,$W87)) | U87: =IF($W87="","",INDEX('Eredmény'!$BI$2:$BI$201,$W87)) | W87: =IFERROR(MATCH(LARGE('Eredmény'!$DY$2:$DY$201,83),'Eredmény'!$DY$2:$DY$201,0),"")
A88: =IF($W88="","",INDEX('Eredmény'!$AO$2:$AO$201,$W88)) | B88: =IF($W88="","",INDEX('Eredmény'!$A$2:$A$201,$W88)) | C88: =IF($W88="","",INDEX('Eredmény'!$AM$2:$AM$201,$W88)) | D88: =IF($W88="","",INDEX('Eredmény'!$AN$2:$AN$201,$W88)) | E88: =IF($W88="","",INDEX('Eredmény'!$AQ$2:$AQ$201,$W88)) | F88: =IF($W88="","",INDEX('Eredmény'!$AR$2:$AR$201,$W88)) | G88: =IF($W88="","",INDEX('Eredmény'!$AS$2:$AS$201,$W88)) | H88: =IF($W88="","",INDEX('Eredmény'!$AI$2:$AI$201,$W88)) | I88: =IF($W88="","",INDEX('Eredmény'!$AJ$2:$AJ$201,$W88)) | J88: =IF($W88="","",INDEX('Eredmény'!$AK$2:$AK$201,$W88)) | K88: =IF($W88="","",INDEX('Eredmény'!$AL$2:$AL$201,$W88)) | L88: =IF($W88="","",INDEX('Eredmény'!$AZ$2:$AZ$201,$W88)) | M88: =IF($W88="","",INDEX('Eredmény'!$BB$2:$BB$201,$W88)) | N88: =IF($W88="","",INDEX('Eredmény'!$BC$2:$BC$201,$W88)) | O88: =IF($W88="","",INDEX('Eredmény'!$BD$2:$BD$201,$W88)) | P88: =IF($W88="","",INDEX('Eredmény'!$BE$2:$BE$201,$W88)) | Q88: =IF($W88="","",INDEX('Eredmény'!$BF$2:$BF$201,$W88)) | R88: =IF($W88="","",INDEX('Eredmény'!$BG$2:$BG$201,$W88)) | S88: =IF($W88="","",INDEX('Eredmény'!$AT$2:$AT$201,$W88)) | T88: =IF($W88="","",INDEX('Eredmény'!$AV$2:$AV$201,$W88)) | U88: =IF($W88="","",INDEX('Eredmény'!$BI$2:$BI$201,$W88)) | W88: =IFERROR(MATCH(LARGE('Eredmény'!$DY$2:$DY$201,84),'Eredmény'!$DY$2:$DY$201,0),"")
A89: =IF($W89="","",INDEX('Eredmény'!$AO$2:$AO$201,$W89)) | B89: =IF($W89="","",INDEX('Eredmény'!$A$2:$A$201,$W89)) | C89: =IF($W89="","",INDEX('Eredmény'!$AM$2:$AM$201,$W89)) | D89: =IF($W89="","",INDEX('Eredmény'!$AN$2:$AN$201,$W89)) | E89: =IF($W89="","",INDEX('Eredmény'!$AQ$2:$AQ$201,$W89)) | F89: =IF($W89="","",INDEX('Eredmény'!$AR$2:$AR$201,$W89)) | G89: =IF($W89="","",INDEX('Eredmény'!$AS$2:$AS$201,$W89)) | H89: =IF($W89="","",INDEX('Eredmény'!$AI$2:$AI$201,$W89)) | I89: =IF($W89="","",INDEX('Eredmény'!$AJ$2:$AJ$201,$W89)) | J89: =IF($W89="","",INDEX('Eredmény'!$AK$2:$AK$201,$W89)) | K89: =IF($W89="","",INDEX('Eredmény'!$AL$2:$AL$201,$W89)) | L89: =IF($W89="","",INDEX('Eredmény'!$AZ$2:$AZ$201,$W89)) | M89: =IF($W89="","",INDEX('Eredmény'!$BB$2:$BB$201,$W89)) | N89: =IF($W89="","",INDEX('Eredmény'!$BC$2:$BC$201,$W89)) | O89: =IF($W89="","",INDEX('Eredmény'!$BD$2:$BD$201,$W89)) | P89: =IF($W89="","",INDEX('Eredmény'!$BE$2:$BE$201,$W89)) | Q89: =IF($W89="","",INDEX('Eredmény'!$BF$2:$BF$201,$W89)) | R89: =IF($W89="","",INDEX('Eredmény'!$BG$2:$BG$201,$W89)) | S89: =IF($W89="","",INDEX('Eredmény'!$AT$2:$AT$201,$W89)) | T89: =IF($W89="","",INDEX('Eredmény'!$AV$2:$AV$201,$W89)) | U89: =IF($W89="","",INDEX('Eredmény'!$BI$2:$BI$201,$W89)) | W89: =IFERROR(MATCH(LARGE('Eredmény'!$DY$2:$DY$201,85),'Eredmény'!$DY$2:$DY$201,0),"")
A90: =IF($W90="","",INDEX('Eredmény'!$AO$2:$AO$201,$W90)) | B90: =IF($W90="","",INDEX('Eredmény'!$A$2:$A$201,$W90)) | C90: =IF($W90="","",INDEX('Eredmény'!$AM$2:$AM$201,$W90)) | D90: =IF($W90="","",INDEX('Eredmény'!$AN$2:$AN$201,$W90)) | E90: =IF($W90="","",INDEX('Eredmény'!$AQ$2:$AQ$201,$W90)) | F90: =IF($W90="","",INDEX('Eredmény'!$AR$2:$AR$201,$W90)) | G90: =IF($W90="","",INDEX('Eredmény'!$AS$2:$AS$201,$W90)) | H90: =IF($W90="","",INDEX('Eredmény'!$AI$2:$AI$201,$W90)) | I90: =IF($W90="","",INDEX('Eredmény'!$AJ$2:$AJ$201,$W90)) | J90: =IF($W90="","",INDEX('Eredmény'!$AK$2:$AK$201,$W90)) | K90: =IF($W90="","",INDEX('Eredmény'!$AL$2:$AL$201,$W90)) | L90: =IF($W90="","",INDEX('Eredmény'!$AZ$2:$AZ$201,$W90)) | M90: =IF($W90="","",INDEX('Eredmény'!$BB$2:$BB$201,$W90)) | N90: =IF($W90="","",INDEX('Eredmény'!$BC$2:$BC$201,$W90)) | O90: =IF($W90="","",INDEX('Eredmény'!$BD$2:$BD$201,$W90)) | P90: =IF($W90="","",INDEX('Eredmény'!$BE$2:$BE$201,$W90)) | Q90: =IF($W90="","",INDEX('Eredmény'!$BF$2:$BF$201,$W90)) | R90: =IF($W90="","",INDEX('Eredmény'!$BG$2:$BG$201,$W90)) | S90: =IF($W90="","",INDEX('Eredmény'!$AT$2:$AT$201,$W90)) | T90: =IF($W90="","",INDEX('Eredmény'!$AV$2:$AV$201,$W90)) | U90: =IF($W90="","",INDEX('Eredmény'!$BI$2:$BI$201,$W90)) | W90: =IFERROR(MATCH(LARGE('Eredmény'!$DY$2:$DY$201,86),'Eredmény'!$DY$2:$DY$201,0),"")
A91: =IF($W91="","",INDEX('Eredmény'!$AO$2:$AO$201,$W91)) | B91: =IF($W91="","",INDEX('Eredmény'!$A$2:$A$201,$W91)) | C91: =IF($W91="","",INDEX('Eredmény'!$AM$2:$AM$201,$W91)) | D91: =IF($W91="","",INDEX('Eredmény'!$AN$2:$AN$201,$W91)) | E91: =IF($W91="","",INDEX('Eredmény'!$AQ$2:$AQ$201,$W91)) | F91: =IF($W91="","",INDEX('Eredmény'!$AR$2:$AR$201,$W91)) | G91: =IF($W91="","",INDEX('Eredmény'!$AS$2:$AS$201,$W91)) | H91: =IF($W91="","",INDEX('Eredmény'!$AI$2:$AI$201,$W91)) | I91: =IF($W91="","",INDEX('Eredmény'!$AJ$2:$AJ$201,$W91)) | J91: =IF($W91="","",INDEX('Eredmény'!$AK$2:$AK$201,$W91)) | K91: =IF($W91="","",INDEX('Eredmény'!$AL$2:$AL$201,$W91)) | L91: =IF($W91="","",INDEX('Eredmény'!$AZ$2:$AZ$201,$W91)) | M91: =IF($W91="","",INDEX('Eredmény'!$BB$2:$BB$201,$W91)) | N91: =IF($W91="","",INDEX('Eredmény'!$BC$2:$BC$201,$W91)) | O91: =IF($W91="","",INDEX('Eredmény'!$BD$2:$BD$201,$W91)) | P91: =IF($W91="","",INDEX('Eredmény'!$BE$2:$BE$201,$W91)) | Q91: =IF($W91="","",INDEX('Eredmény'!$BF$2:$BF$201,$W91)) | R91: =IF($W91="","",INDEX('Eredmény'!$BG$2:$BG$201,$W91)) | S91: =IF($W91="","",INDEX('Eredmény'!$AT$2:$AT$201,$W91)) | T91: =IF($W91="","",INDEX('Eredmény'!$AV$2:$AV$201,$W91)) | U91: =IF($W91="","",INDEX('Eredmény'!$BI$2:$BI$201,$W91)) | W91: =IFERROR(MATCH(LARGE('Eredmény'!$DY$2:$DY$201,87),'Eredmény'!$DY$2:$DY$201,0),"")
A92: =IF($W92="","",INDEX('Eredmény'!$AO$2:$AO$201,$W92)) | B92: =IF($W92="","",INDEX('Eredmény'!$A$2:$A$201,$W92)) | C92: =IF($W92="","",INDEX('Eredmény'!$AM$2:$AM$201,$W92)) | D92: =IF($W92="","",INDEX('Eredmény'!$AN$2:$AN$201,$W92)) | E92: =IF($W92="","",INDEX('Eredmény'!$AQ$2:$AQ$201,$W92)) | F92: =IF($W92="","",INDEX('Eredmény'!$AR$2:$AR$201,$W92)) | G92: =IF($W92="","",INDEX('Eredmény'!$AS$2:$AS$201,$W92)) | H92: =IF($W92="","",INDEX('Eredmény'!$AI$2:$AI$201,$W92)) | I92: =IF($W92="","",INDEX('Eredmény'!$AJ$2:$AJ$201,$W92)) | J92: =IF($W92="","",INDEX('Eredmény'!$AK$2:$AK$201,$W92)) | K92: =IF($W92="","",INDEX('Eredmény'!$AL$2:$AL$201,$W92)) | L92: =IF($W92="","",INDEX('Eredmény'!$AZ$2:$AZ$201,$W92)) | M92: =IF($W92="","",INDEX('Eredmény'!$BB$2:$BB$201,$W92)) | N92: =IF($W92="","",INDEX('Eredmény'!$BC$2:$BC$201,$W92)) | O92: =IF($W92="","",INDEX('Eredmény'!$BD$2:$BD$201,$W92)) | P92: =IF($W92="","",INDEX('Eredmény'!$BE$2:$BE$201,$W92)) | Q92: =IF($W92="","",INDEX('Eredmény'!$BF$2:$BF$201,$W92)) | R92: =IF($W92="","",INDEX('Eredmény'!$BG$2:$BG$201,$W92)) | S92: =IF($W92="","",INDEX('Eredmény'!$AT$2:$AT$201,$W92)) | T92: =IF($W92="","",INDEX('Eredmény'!$AV$2:$AV$201,$W92)) | U92: =IF($W92="","",INDEX('Eredmény'!$BI$2:$BI$201,$W92)) | W92: =IFERROR(MATCH(LARGE('Eredmény'!$DY$2:$DY$201,88),'Eredmény'!$DY$2:$DY$201,0),"")
A93: =IF($W93="","",INDEX('Eredmény'!$AO$2:$AO$201,$W93)) | B93: =IF($W93="","",INDEX('Eredmény'!$A$2:$A$201,$W93)) | C93: =IF($W93="","",INDEX('Eredmény'!$AM$2:$AM$201,$W93)) | D93: =IF($W93="","",INDEX('Eredmény'!$AN$2:$AN$201,$W93)) | E93: =IF($W93="","",INDEX('Eredmény'!$AQ$2:$AQ$201,$W93)) | F93: =IF($W93="","",INDEX('Eredmény'!$AR$2:$AR$201,$W93)) | G93: =IF($W93="","",INDEX('Eredmény'!$AS$2:$AS$201,$W93)) | H93: =IF($W93="","",INDEX('Eredmény'!$AI$2:$AI$201,$W93)) | I93: =IF($W93="","",INDEX('Eredmény'!$AJ$2:$AJ$201,$W93)) | J93: =IF($W93="","",INDEX('Eredmény'!$AK$2:$AK$201,$W93)) | K93: =IF($W93="","",INDEX('Eredmény'!$AL$2:$AL$201,$W93)) | L93: =IF($W93="","",INDEX('Eredmény'!$AZ$2:$AZ$201,$W93)) | M93: =IF($W93="","",INDEX('Eredmény'!$BB$2:$BB$201,$W93)) | N93: =IF($W93="","",INDEX('Eredmény'!$BC$2:$BC$201,$W93)) | O93: =IF($W93="","",INDEX('Eredmény'!$BD$2:$BD$201,$W93)) | P93: =IF($W93="","",INDEX('Eredmény'!$BE$2:$BE$201,$W93)) | Q93: =IF($W93="","",INDEX('Eredmény'!$BF$2:$BF$201,$W93)) | R93: =IF($W93="","",INDEX('Eredmény'!$BG$2:$BG$201,$W93)) | S93: =IF($W93="","",INDEX('Eredmény'!$AT$2:$AT$201,$W93)) | T93: =IF($W93="","",INDEX('Eredmény'!$AV$2:$AV$201,$W93)) | U93: =IF($W93="","",INDEX('Eredmény'!$BI$2:$BI$201,$W93)) | W93: =IFERROR(MATCH(LARGE('Eredmény'!$DY$2:$DY$201,89),'Eredmény'!$DY$2:$DY$201,0),"")
A94: =IF($W94="","",INDEX('Eredmény'!$AO$2:$AO$201,$W94)) | B94: =IF($W94="","",INDEX('Eredmény'!$A$2:$A$201,$W94)) | C94: =IF($W94="","",INDEX('Eredmény'!$AM$2:$AM$201,$W94)) | D94: =IF($W94="","",INDEX('Eredmény'!$AN$2:$AN$201,$W94)) | E94: =IF($W94="","",INDEX('Eredmény'!$AQ$2:$AQ$201,$W94)) | F94: =IF($W94="","",INDEX('Eredmény'!$AR$2:$AR$201,$W94)) | G94: =IF($W94="","",INDEX('Eredmény'!$AS$2:$AS$201,$W94)) | H94: =IF($W94="","",INDEX('Eredmény'!$AI$2:$AI$201,$W94)) | I94: =IF($W94="","",INDEX('Eredmény'!$AJ$2:$AJ$201,$W94)) | J94: =IF($W94="","",INDEX('Eredmény'!$AK$2:$AK$201,$W94)) | K94: =IF($W94="","",INDEX('Eredmény'!$AL$2:$AL$201,$W94)) | L94: =IF($W94="","",INDEX('Eredmény'!$AZ$2:$AZ$201,$W94)) | M94: =IF($W94="","",INDEX('Eredmény'!$BB$2:$BB$201,$W94)) | N94: =IF($W94="","",INDEX('Eredmény'!$BC$2:$BC$201,$W94)) | O94: =IF($W94="","",INDEX('Eredmény'!$BD$2:$BD$201,$W94)) | P94: =IF($W94="","",INDEX('Eredmény'!$BE$2:$BE$201,$W94)) | Q94: =IF($W94="","",INDEX('Eredmény'!$BF$2:$BF$201,$W94)) | R94: =IF($W94="","",INDEX('Eredmény'!$BG$2:$BG$201,$W94)) | S94: =IF($W94="","",INDEX('Eredmény'!$AT$2:$AT$201,$W94)) | T94: =IF($W94="","",INDEX('Eredmény'!$AV$2:$AV$201,$W94)) | U94: =IF($W94="","",INDEX('Eredmény'!$BI$2:$BI$201,$W94)) | W94: =IFERROR(MATCH(LARGE('Eredmény'!$DY$2:$DY$201,90),'Eredmény'!$DY$2:$DY$201,0),"")
A95: =IF($W95="","",INDEX('Eredmény'!$AO$2:$AO$201,$W95)) | B95: =IF($W95="","",INDEX('Eredmény'!$A$2:$A$201,$W95)) | C95: =IF($W95="","",INDEX('Eredmény'!$AM$2:$AM$201,$W95)) | D95: =IF($W95="","",INDEX('Eredmény'!$AN$2:$AN$201,$W95)) | E95: =IF($W95="","",INDEX('Eredmény'!$AQ$2:$AQ$201,$W95)) | F95: =IF($W95="","",INDEX('Eredmény'!$AR$2:$AR$201,$W95)) | G95: =IF($W95="","",INDEX('Eredmény'!$AS$2:$AS$201,$W95)) | H95: =IF($W95="","",INDEX('Eredmény'!$AI$2:$AI$201,$W95)) | I95: =IF($W95="","",INDEX('Eredmény'!$AJ$2:$AJ$201,$W95)) | J95: =IF($W95="","",INDEX('Eredmény'!$AK$2:$AK$201,$W95)) | K95: =IF($W95="","",INDEX('Eredmény'!$AL$2:$AL$201,$W95)) | L95: =IF($W95="","",INDEX('Eredmény'!$AZ$2:$AZ$201,$W95)) | M95: =IF($W95="","",INDEX('Eredmény'!$BB$2:$BB$201,$W95)) | N95: =IF($W95="","",INDEX('Eredmény'!$BC$2:$BC$201,$W95)) | O95: =IF($W95="","",INDEX('Eredmény'!$BD$2:$BD$201,$W95)) | P95: =IF($W95="","",INDEX('Eredmény'!$BE$2:$BE$201,$W95)) | Q95: =IF($W95="","",INDEX('Eredmény'!$BF$2:$BF$201,$W95)) | R95: =IF($W95="","",INDEX('Eredmény'!$BG$2:$BG$201,$W95)) | S95: =IF($W95="","",INDEX('Eredmény'!$AT$2:$AT$201,$W95)) | T95: =IF($W95="","",INDEX('Eredmény'!$AV$2:$AV$201,$W95)) | U95: =IF($W95="","",INDEX('Eredmény'!$BI$2:$BI$201,$W95)) | W95: =IFERROR(MATCH(LARGE('Eredmény'!$DY$2:$DY$201,91),'Eredmény'!$DY$2:$DY$201,0),"")
A96: =IF($W96="","",INDEX('Eredmény'!$AO$2:$AO$201,$W96)) | B96: =IF($W96="","",INDEX('Eredmény'!$A$2:$A$201,$W96)) | C96: =IF($W96="","",INDEX('Eredmény'!$AM$2:$AM$201,$W96)) | D96: =IF($W96="","",INDEX('Eredmény'!$AN$2:$AN$201,$W96)) | E96: =IF($W96="","",INDEX('Eredmény'!$AQ$2:$AQ$201,$W96)) | F96: =IF($W96="","",INDEX('Eredmény'!$AR$2:$AR$201,$W96)) | G96: =IF($W96="","",INDEX('Eredmény'!$AS$2:$AS$201,$W96)) | H96: =IF($W96="","",INDEX('Eredmény'!$AI$2:$AI$201,$W96)) | I96: =IF($W96="","",INDEX('Eredmény'!$AJ$2:$AJ$201,$W96)) | J96: =IF($W96="","",INDEX('Eredmény'!$AK$2:$AK$201,$W96)) | K96: =IF($W96="","",INDEX('Eredmény'!$AL$2:$AL$201,$W96)) | L96: =IF($W96="","",INDEX('Eredmény'!$AZ$2:$AZ$201,$W96)) | M96: =IF($W96="","",INDEX('Eredmény'!$BB$2:$BB$201,$W96)) | N96: =IF($W96="","",INDEX('Eredmény'!$BC$2:$BC$201,$W96)) | O96: =IF($W96="","",INDEX('Eredmény'!$BD$2:$BD$201,$W96)) | P96: =IF($W96="","",INDEX('Eredmény'!$BE$2:$BE$201,$W96)) | Q96: =IF($W96="","",INDEX('Eredmény'!$BF$2:$BF$201,$W96)) | R96: =IF($W96="","",INDEX('Eredmény'!$BG$2:$BG$201,$W96)) | S96: =IF($W96="","",INDEX('Eredmény'!$AT$2:$AT$201,$W96)) | T96: =IF($W96="","",INDEX('Eredmény'!$AV$2:$AV$201,$W96)) | U96: =IF($W96="","",INDEX('Eredmény'!$BI$2:$BI$201,$W96)) | W96: =IFERROR(MATCH(LARGE('Eredmény'!$DY$2:$DY$201,92),'Eredmény'!$DY$2:$DY$201,0),"")
A97: =IF($W97="","",INDEX('Eredmény'!$AO$2:$AO$201,$W97)) | B97: =IF($W97="","",INDEX('Eredmény'!$A$2:$A$201,$W97)) | C97: =IF($W97="","",INDEX('Eredmény'!$AM$2:$AM$201,$W97)) | D97: =IF($W97="","",INDEX('Eredmény'!$AN$2:$AN$201,$W97)) | E97: =IF($W97="","",INDEX('Eredmény'!$AQ$2:$AQ$201,$W97)) | F97: =IF($W97="","",INDEX('Eredmény'!$AR$2:$AR$201,$W97)) | G97: =IF($W97="","",INDEX('Eredmény'!$AS$2:$AS$201,$W97)) | H97: =IF($W97="","",INDEX('Eredmény'!$AI$2:$AI$201,$W97)) | I97: =IF($W97="","",INDEX('Eredmény'!$AJ$2:$AJ$201,$W97)) | J97: =IF($W97="","",INDEX('Eredmény'!$AK$2:$AK$201,$W97)) | K97: =IF($W97="","",INDEX('Eredmény'!$AL$2:$AL$201,$W97)) | L97: =IF($W97="","",INDEX('Eredmény'!$AZ$2:$AZ$201,$W97)) | M97: =IF($W97="","",INDEX('Eredmény'!$BB$2:$BB$201,$W97)) | N97: =IF($W97="","",INDEX('Eredmény'!$BC$2:$BC$201,$W97)) | O97: =IF($W97="","",INDEX('Eredmény'!$BD$2:$BD$201,$W97)) | P97: =IF($W97="","",INDEX('Eredmény'!$BE$2:$BE$201,$W97)) | Q97: =IF($W97="","",INDEX('Eredmény'!$BF$2:$BF$201,$W97)) | R97: =IF($W97="","",INDEX('Eredmény'!$BG$2:$BG$201,$W97)) | S97: =IF($W97="","",INDEX('Eredmény'!$AT$2:$AT$201,$W97)) | T97: =IF($W97="","",INDEX('Eredmény'!$AV$2:$AV$201,$W97)) | U97: =IF($W97="","",INDEX('Eredmény'!$BI$2:$BI$201,$W97)) | W97: =IFERROR(MATCH(LARGE('Eredmény'!$DY$2:$DY$201,93),'Eredmény'!$DY$2:$DY$201,0),"")
A98: =IF($W98="","",INDEX('Eredmény'!$AO$2:$AO$201,$W98)) | B98: =IF($W98="","",INDEX('Eredmény'!$A$2:$A$201,$W98)) | C98: =IF($W98="","",INDEX('Eredmény'!$AM$2:$AM$201,$W98)) | D98: =IF($W98="","",INDEX('Eredmény'!$AN$2:$AN$201,$W98)) | E98: =IF($W98="","",INDEX('Eredmény'!$AQ$2:$AQ$201,$W98)) | F98: =IF($W98="","",INDEX('Eredmény'!$AR$2:$AR$201,$W98)) | G98: =IF($W98="","",INDEX('Eredmény'!$AS$2:$AS$201,$W98)) | H98: =IF($W98="","",INDEX('Eredmény'!$AI$2:$AI$201,$W98)) | I98: =IF($W98="","",INDEX('Eredmény'!$AJ$2:$AJ$201,$W98)) | J98: =IF($W98="","",INDEX('Eredmény'!$AK$2:$AK$201,$W98)) | K98: =IF($W98="","",INDEX('Eredmény'!$AL$2:$AL$201,$W98)) | L98: =IF($W98="","",INDEX('Eredmény'!$AZ$2:$AZ$201,$W98)) | M98: =IF($W98="","",INDEX('Eredmény'!$BB$2:$BB$201,$W98)) | N98: =IF($W98="","",INDEX('Eredmény'!$BC$2:$BC$201,$W98)) | O98: =IF($W98="","",INDEX('Eredmény'!$BD$2:$BD$201,$W98)) | P98: =IF($W98="","",INDEX('Eredmény'!$BE$2:$BE$201,$W98)) | Q98: =IF($W98="","",INDEX('Eredmény'!$BF$2:$BF$201,$W98)) | R98: =IF($W98="","",INDEX('Eredmény'!$BG$2:$BG$201,$W98)) | S98: =IF($W98="","",INDEX('Eredmény'!$AT$2:$AT$201,$W98)) | T98: =IF($W98="","",INDEX('Eredmény'!$AV$2:$AV$201,$W98)) | U98: =IF($W98="","",INDEX('Eredmény'!$BI$2:$BI$201,$W98)) | W98: =IFERROR(MATCH(LARGE('Eredmény'!$DY$2:$DY$201,94),'Eredmény'!$DY$2:$DY$201,0),"")
A99: =IF($W99="","",INDEX('Eredmény'!$AO$2:$AO$201,$W99)) | B99: =IF($W99="","",INDEX('Eredmény'!$A$2:$A$201,$W99)) | C99: =IF($W99="","",INDEX('Eredmény'!$AM$2:$AM$201,$W99)) | D99: =IF($W99="","",INDEX('Eredmény'!$AN$2:$AN$201,$W99)) | E99: =IF($W99="","",INDEX('Eredmény'!$AQ$2:$AQ$201,$W99)) | F99: =IF($W99="","",INDEX('Eredmény'!$AR$2:$AR$201,$W99)) | G99: =IF($W99="","",INDEX('Eredmény'!$AS$2:$AS$201,$W99)) | H99: =IF($W99="","",INDEX('Eredmény'!$AI$2:$AI$201,$W99)) | I99: =IF($W99="","",INDEX('Eredmény'!$AJ$2:$AJ$201,$W99)) | J99: =IF($W99="","",INDEX('Eredmény'!$AK$2:$AK$201,$W99)) | K99: =IF($W99="","",INDEX('Eredmény'!$AL$2:$AL$201,$W99)) | L99: =IF($W99="","",INDEX('Eredmény'!$AZ$2:$AZ$201,$W99)) | M99: =IF($W99="","",INDEX('Eredmény'!$BB$2:$BB$201,$W99)) | N99: =IF($W99="","",INDEX('Eredmény'!$BC$2:$BC$201,$W99)) | O99: =IF($W99="","",INDEX('Eredmény'!$BD$2:$BD$201,$W99)) | P99: =IF($W99="","",INDEX('Eredmény'!$BE$2:$BE$201,$W99)) | Q99: =IF($W99="","",INDEX('Eredmény'!$BF$2:$BF$201,$W99)) | R99: =IF($W99="","",INDEX('Eredmény'!$BG$2:$BG$201,$W99)) | S99: =IF($W99="","",INDEX('Eredmény'!$AT$2:$AT$201,$W99)) | T99: =IF($W99="","",INDEX('Eredmény'!$AV$2:$AV$201,$W99)) | U99: =IF($W99="","",INDEX('Eredmény'!$BI$2:$BI$201,$W99)) | W99: =IFERROR(MATCH(LARGE('Eredmény'!$DY$2:$DY$201,95),'Eredmény'!$DY$2:$DY$201,0),"")
A100: =IF($W100="","",INDEX('Eredmény'!$AO$2:$AO$201,$W100)) | B100: =IF($W100="","",INDEX('Eredmény'!$A$2:$A$201,$W100)) | C100: =IF($W100="","",INDEX('Eredmény'!$AM$2:$AM$201,$W100)) | D100: =IF($W100="","",INDEX('Eredmény'!$AN$2:$AN$201,$W100)) | E100: =IF($W100="","",INDEX('Eredmény'!$AQ$2:$AQ$201,$W100)) | F100: =IF($W100="","",INDEX('Eredmény'!$AR$2:$AR$201,$W100)) | G100: =IF($W100="","",INDEX('Eredmény'!$AS$2:$AS$201,$W100)) | H100: =IF($W100="","",INDEX('Eredmény'!$AI$2:$AI$201,$W100)) | I100: =IF($W100="","",INDEX('Eredmény'!$AJ$2:$AJ$201,$W100)) | J100: =IF($W100="","",INDEX('Eredmény'!$AK$2:$AK$201,$W100)) | K100: =IF($W100="","",INDEX('Eredmény'!$AL$2:$AL$201,$W100)) | L100: =IF($W100="","",INDEX('Eredmény'!$AZ$2:$AZ$201,$W100)) | M100: =IF($W100="","",INDEX('Eredmény'!$BB$2:$BB$201,$W100)) | N100: =IF($W100="","",INDEX('Eredmény'!$BC$2:$BC$201,$W100)) | O100: =IF($W100="","",INDEX('Eredmény'!$BD$2:$BD$201,$W100)) | P100: =IF($W100="","",INDEX('Eredmény'!$BE$2:$BE$201,$W100)) | Q100: =IF($W100="","",INDEX('Eredmény'!$BF$2:$BF$201,$W100)) | R100: =IF($W100="","",INDEX('Eredmény'!$BG$2:$BG$201,$W100)) | S100: =IF($W100="","",INDEX('Eredmény'!$AT$2:$AT$201,$W100)) | T100: =IF($W100="","",INDEX('Eredmény'!$AV$2:$AV$201,$W100)) | U100: =IF($W100="","",INDEX('Eredmény'!$BI$2:$BI$201,$W100)) | W100: =IFERROR(MATCH(LARGE('Eredmény'!$DY$2:$DY$201,96),'Eredmény'!$DY$2:$DY$201,0),"")
A101: =IF($W101="","",INDEX('Eredmény'!$AO$2:$AO$201,$W101)) | B101: =IF($W101="","",INDEX('Eredmény'!$A$2:$A$201,$W101)) | C101: =IF($W101="","",INDEX('Eredmény'!$AM$2:$AM$201,$W101)) | D101: =IF($W101="","",INDEX('Eredmény'!$AN$2:$AN$201,$W101)) | E101: =IF($W101="","",INDEX('Eredmény'!$AQ$2:$AQ$201,$W101)) | F101: =IF($W101="","",INDEX('Eredmény'!$AR$2:$AR$201,$W101)) | G101: =IF($W101="","",INDEX('Eredmény'!$AS$2:$AS$201,$W101)) | H101: =IF($W101="","",INDEX('Eredmény'!$AI$2:$AI$201,$W101)) | I101: =IF($W101="","",INDEX('Eredmény'!$AJ$2:$AJ$201,$W101)) | J101: =IF($W101="","",INDEX('Eredmény'!$AK$2:$AK$201,$W101)) | K101: =IF($W101="","",INDEX('Eredmény'!$AL$2:$AL$201,$W101)) | L101: =IF($W101="","",INDEX('Eredmény'!$AZ$2:$AZ$201,$W101)) | M101: =IF($W101="","",INDEX('Eredmény'!$BB$2:$BB$201,$W101)) | N101: =IF($W101="","",INDEX('Eredmény'!$BC$2:$BC$201,$W101)) | O101: =IF($W101="","",INDEX('Eredmény'!$BD$2:$BD$201,$W101)) | P101: =IF($W101="","",INDEX('Eredmény'!$BE$2:$BE$201,$W101)) | Q101: =IF($W101="","",INDEX('Eredmény'!$BF$2:$BF$201,$W101)) | R101: =IF($W101="","",INDEX('Eredmény'!$BG$2:$BG$201,$W101)) | S101: =IF($W101="","",INDEX('Eredmény'!$AT$2:$AT$201,$W101)) | T101: =IF($W101="","",INDEX('Eredmény'!$AV$2:$AV$201,$W101)) | U101: =IF($W101="","",INDEX('Eredmény'!$BI$2:$BI$201,$W101)) | W101: =IFERROR(MATCH(LARGE('Eredmény'!$DY$2:$DY$201,97),'Eredmény'!$DY$2:$DY$201,0),"")
...

Sheet Portfólió
A1: Portfólió – státuszeloszlás és célok
A2: Az arányok az elfogadott ügyfelekre vonatkoznak (az elutasított és a várólistás ügyfelek nélkül). A célok a Beállítások lapon módosíthatók.
A4: Státusz | B4: Megnevezés | C4: Ügyfelek (db) | D4: Arány
A5: 1 | B5: ='Beállítások'!$B$108 | C5: =COUNTIFS('Eredmény'!$AQ$2:$AQ$201,1,'Eredmény'!$AS$2:$AS$201,"Elfogadjuk") | D5: =IF(C11=0,"",C5/C11)
A6: 2 | B6: ='Beállítások'!$B$109 | C6: =COUNTIFS('Eredmény'!$AQ$2:$AQ$201,2,'Eredmény'!$AS$2:$AS$201,"Elfogadjuk") | D6: =IF(C11=0,"",C6/C11)
A7: 3 | B7: ='Beállítások'!$B$110 | C7: =COUNTIFS('Eredmény'!$AQ$2:$AQ$201,3,'Eredmény'!$AS$2:$AS$201,"Elfogadjuk") | D7: =IF(C11=0,"",C7/C11)
A8: 4 | B8: ='Beállítások'!$B$111 | C8: =COUNTIFS('Eredmény'!$AQ$2:$AQ$201,4,'Eredmény'!$AS$2:$AS$201,"Elfogadjuk") | D8: =IF(C11=0,"",C8/C11)
A9: 5 | B9: ='Beállítások'!$B$112 | C9: =COUNTIF('Eredmény'!$AQ$2:$AQ$201,5) | D9: elutasítva
B11: Elfogadott ügyfelek összesen | C11: =COUNTIF('Eredmény'!$AS$2:$AS$201,"Elfogadjuk")
B12: Várólistán (4-es hely foglalt) | C12: =COUNTIF('Eredmény'!$AS$2:$AS$201,"Várólista (a 4-es hely foglalt)")
B14: Ellenőrzés | C14: Cél | D14: Tény | E14: Értékelés
B15: 1–2. státusz aránya | C15: =TEXT('Beállítások'!$B$100,"0%")&"–"&TEXT('Beállítások'!$B$101,"0%") | D15: =IF(C11=0,"",(C5+C6)/C11) | E15: =IF(D15="","—",IF(D15<'Beállítások'!$B$100,"Kevesebb a célnál",IF(D15>'Beállítások'!$B$101,"Több a célnál","Rendben")))
B16: 3. státusz aránya | C16: =TEXT('Beállítások'!$B$102,"0%")&"–"&TEXT('Beállítások'!$B$103,"0%") | D16: =IF(C11=0,"",C7/C11) | E16: =IF(D16="","—",IF(D16<'Beállítások'!$B$102,"Kevesebb a célnál",IF(D16>'Beállítások'!$B$103,"Több a célnál","Rendben")))
B17: 4. státusz (db) | C17: ="legfeljebb "&'Beállítások'!$B$90 | D17: =C8 | E17: =IF(D17<='Beállítások'!$B$90,"Rendben","Túl sok")
B20: Státuszok
A21: 1 | B21: ='Beállítások'!$B$108
B22: ='Beállítások'!$G$108
A23: 2 | B23: ='Beállítások'!$B$109
B24: ='Beállítások'!$G$109
A25: 3 | B25: ='Beállítások'!$B$110
B26: ='Beállítások'!$G$110
A27: 4 | B27: ='Beállítások'!$B$111
B28: ='Beállítások'!$G$111
A29: 5 | B29: ='Beállítások'!$B$112
B30: ='Beállítások'!$G$112

Sheet Eredmény
A1: Ügyfél | B1: Értékalapú szegmens | C1: Felelősség, fenntarthatóság | D1: Sürgősség | E1: A piac mérete | F1: Árazási potenciál | G1: Vásárlószerzés költsége | H1: Leszállítás költsége | I1: Egyediség, egyedi tulajdonság | J1: A piac gyorsasága | K1: Befektetési igény | L1: Upsell-potenciál | M1: Örökzöld potenciál | N1: Látványos demonstrálhatóság | O1: Dizájn, vonzó megjelenés | P1: Egyszerű használat | Q1: Problémát old meg | R1: Újdonság | S1: Iparági illeszkedés | T1: Éves árbevétel | U1: Havi hirdetési keret | V1: Marketing-érettség | W1: Jelenlegi ROAS | X1: Növekedési potenciál | Y1: Nyitottság a jutalékos modellre | Z1: Fizetési fegyelem | AA1: Együttműködés hossza | AB1: Döntéshozó, együttműködés | AC1: Kezelhetőség | AD1: Ajánlási, referenciaérték | AE1: Reális elvárások | AF1: Emberi oldal | AG1: Szakmai színvonal | AH1: Korábbi ügynökségi tapasztalat | AI1: Értékek (0–100) | AJ1: Marketingezhetőség (0–100) | AK1: Üzleti illeszkedés (0–100) | AL1: Kapcsolat (0–100) | AM1: ICP pontszám (0–100) | AN1: Rendszerpontszám (0–100) | AO1: Rang | AP1: Kizáró feltétel | AQ1: Státusz | AR1: Státusz megnevezése | AS1: Döntés | AT1: Díjmodell | AU1: Legerősebb terület | AV1: Leggyengébb terület | AW1: Munkadíj (Ft/hó) | AX1: Státuszszorzó | AY1: Keretarányos minimum (Ft/hó) | AZ1: Javasolt fix havi díj (Ft) | BA1: Díj alapja | BB1: Jelenlegi díj (Ft) | BC1: Eltérés (Ft) | BD1: Eltérés (%) | BE1: Jutalékos modell ajánlható | BF1: Jutalékos modell: fix díj (Ft/hó) | BG1: Jutalékos modell: jutalék % | BH1: Várható jutalék (Ft/hó) | BI1: Hiányzó adatok (db) | BK1: erő: szegmens | BL1: erő: felelosseg | BM1: erő: m_surgosseg | BN1: erő: m_piacmeret | BO1: erő: m_arazas | BP1: erő: m_vevoszerzes | BQ1: erő: m_szallitas | BR1: erő: m_egyediseg | BS1: erő: m_gyorsasag | BT1: erő: m_befektetes | BU1: erő: m_upsell | BV1: erő: m_orokzold | BW1: erő: m_demonstralhato | BX1: erő: m_dizajn | BY1: erő: m_egyszeru | BZ1: erő: m_problema | CA1: erő: m_ujdonsag | CB1: erő: iparagi | CC1: erő: arbevetel | CD1: erő: keret | CE1: erő: erettseg | CF1: erő: roas | CG1: erő: novekedes | CH1: erő: jutalek_nyitottsag | CI1: erő: keses | CJ1: erő: hossz | CK1: erő: egyuttmukodes | CL1: erő: kezelhetoseg | CM1: erő: ajanlas | CN1: erő: elvarasok | CO1: erő: emberi | CP1: erő: szakmai | CQ1: erő: tapasztalat | CR1: veszt: szegmens | CS1: veszt: felelosseg | CT1: veszt: m_surgosseg | CU1: veszt: m_piacmeret | CV1: veszt: m_arazas | CW1: veszt: m_vevoszerzes | CX1: veszt: m_szallitas | CY1: veszt: m_egyediseg | CZ1: veszt: m_gyorsasag | DA1: veszt: m_befektetes | DB1: veszt: m_upsell | DC1: veszt: m_orokzold | DD1: veszt: m_demonstralhato | DE1: veszt: m_dizajn | DF1: veszt: m_egyszeru | DG1: veszt: m_problema | DH1: veszt: m_ujdonsag | DI1: veszt: iparagi | DJ1: veszt: arbevetel | DK1: veszt: keret | DL1: veszt: erettseg | DM1: veszt: roas | DN1: veszt: novekedes | DO1: veszt: jutalek_nyitottsag | DP1: veszt: keses | DQ1: veszt: hossz | DR1: veszt: egyuttmukodes | DS1: veszt: kezelhetoseg | DT1: veszt: ajanlas | DU1: veszt: elvarasok | DV1: veszt: emberi | DW1: veszt: szakmai | DX1: veszt: tapasztalat | DY1: rendezőkulcs
A2: =IF('Ügyfelek'!A2="","",'Ügyfelek'!A2) | B2: =IF($A2="","",IF('Ügyfelek'!B2="",'Beállítások'!$B$84,IFERROR(VLOOKUP(TRIM('Ügyfelek'!B2),'Beállítások'!$A$51:$B$59,2,FALSE),'Beállítások'!$B$84))) | C2: =IF($A2="","",IF('Ügyfelek'!C2="",'Beállítások'!$B$84,MIN(10,MAX(1,ROUND('Ügyfelek'!C2,0))))) | D2: =IF($A2="","",IF('Ügyfelek'!D2="",'Beállítások'!$B$84,MIN(10,MAX(1,ROUND('Ügyfelek'!D2,0))))) | E2: =IF($A2="","",IF('Ügyfelek'!E2="",'Beállítások'!$B$84,MIN(10,MAX(1,ROUND('Ügyfelek'!E2,0))))) | F2: =IF($A2="","",IF('Ügyfelek'!F2="",'Beállítások'!$B$84,MIN(10,MAX(1,ROUND('Ügyfelek'!F2,0))))) | G2: =IF($A2="","",IF('Ügyfelek'!G2="",'Beállítások'!$B$84,MIN(10,MAX(1,ROUND('Ügyfelek'!G2,0))))) | H2: =IF($A2="","",IF('Ügyfelek'!H2="",'Beállítások'!$B$84,MIN(10,MAX(1,ROUND('Ügyfelek'!H2,0))))) | I2: =IF($A2="","",IF('Ügyfelek'!I2="",'Beállítások'!$B$84,MIN(10,MAX(1,ROUND('Ügyfelek'!I2,0))))) | J2: =IF($A2="","",IF('Ügyfelek'!J2="",'Beállítások'!$B$84,MIN(10,MAX(1,ROUND('Ügyfelek'!J2,0))))) | ... S2: =IF($A2="","",IF('Ügyfelek'!S2="",'Beállítások'!$B$84,MIN(10,MAX(1,ROUND('Ügyfelek'!S2,0))))) | T2: =IF($A2="","",IF('Ügyfelek'!T2="",'Beállítások'!$B$84,VLOOKUP(MAX('Ügyfelek'!T2,'Beállítások'!$H$7),'Beállítások'!$H$7:$I$12,2,TRUE))) | U2: =IF($A2="","",IF('Ügyfelek'!U2="",'Beállítások'!$B$84,VLOOKUP(MAX('Ügyfelek'!U2,'Beállítások'!$K$7),'Beállítások'!$K$7:$L$12,2,TRUE))) | V2: =IF($A2="","",IF('Ügyfelek'!V2="",'Beállítások'!$B$84,MIN(10,MAX(1,ROUND('Ügyfelek'!V2,0))))) | W2: =IF($A2="","",IF('Ügyfelek'!W2="",'Beállítások'!$B$84,VLOOKUP(MAX('Ügyfelek'!W2,'Beállítások'!$N$7),'Beállítások'!$N$7:$O$12,2,TRUE))) | X2: =IF($A2="","",IF('Ügyfelek'!X2="",'Beállítások'!$B$84,MIN(10,MAX(1,ROUND('Ügyfelek'!X2,0))))) | Y2: =IF($A2="","",IF('Ügyfelek'!Y2="",'Beállítások'!$B$84,IFERROR(VLOOKUP(TRIM('Ügyfelek'!Y2),'Beállítások'!$A$63:$B$69,2,FALSE),'Beállítások'!$B$84))) | Z2: =IF($A2="","",IF('Ügyfelek'!Z2="",'Beállítások'!$B$84,VLOOKUP(MAX('Ügyfelek'!Z2,'Beállítások'!$Q$7),'Beállítások'!$Q$7:$R$12,2,TRUE))) | AA2: =IF($A2="","",IF('Ügyfelek'!AA2="",'Beállítások'!$B$84,VLOOKUP(MAX('Ügyfelek'!AA2,'Beállítások'!$T$7),'Beállítások'!$T$7:$U$12,2,TRUE))) | AB2: =IF($A2="","",IF('Ügyfelek'!AB2="",'Beállítások'!$B$84,MIN(10,MAX(1,ROUND('Ügyfelek'!AB2,0))))) | AC2: =IF($A2="","",IF('Ügyfelek'!AC2="",'Beállítások'!$B$84,MIN(10,MAX(1,ROUND('Ügyfelek'!AC2,0))))) | AD2: =IF($A2="","",IF('Ügyfelek'!AD2="",'Beállítások'!$B$84,MIN(10,MAX(1,ROUND('Ügyfelek'!AD2,0))))) | AE2: =IF($A2="","",IF('Ügyfelek'!AE2="",'Beállítások'!$B$84,MIN(10,MAX(1,ROUND('Ügyfelek'!AE2,0))))) | AF2: =IF($A2="","",IF('Ügyfelek'!AF2="",'Beállítások'!$B$84,MIN(10,MAX(1,ROUND('Ügyfelek'!AF2,0))))) | AG2: =IF($A2="","",IF('Ügyfelek'!AG2="",'Beállítások'!$B$84,MIN(10,MAX(1,ROUND('Ügyfelek'!AG2,0))))) | AH2: =IF($A2="","",IF('Ügyfelek'!AH2="",'Beállítások'!$B$84,IFERROR(VLOOKUP(TRIM('Ügyfelek'!AH2),'Beállítások'!$A$73:$B$79,2,FALSE),'Beállítások'!$B$84))) | AI2: =IF($A2="","",ROUND(100*('Beállítások'!$E$6*(B2-1)+'Beállítások'!$E$7*(C2-1))/(9*'Beállítások'!$B$43),1)) | AJ2: =IF($A2="","",ROUND(100*('Beállítások'!$E$8*(D2-1)+'Beállítások'!$E$9*(E2-1)+'Beállítások'!$E$10*(F2-1)+'Beállítások'!$E$11*(G2-1)+'Beállítások'!$E$12*(H2-1)+'Beállítások'!$E$13*(I2-1)+'Beállítások'!$E$14*(J2-1)+'Beállítások'!$E$15*(K2-1)+'Beállítások'!$E$16*(L2-1)+'Beállítások'!$E$17*(M2-1)+'Beállítások'!$E$18*(N2-1)+'Beállítások'!$E$19*(O2-1)+'Beállítások'!$E$20*(P2-1)+'Beállítások'!$E$21*(Q2-1)+'Beállítások'!$E$22*(R2-1))/(9*'Beállítások'!$B$44),1)) | AK2: =IF($A2="","",ROUND(100*('Beállítások'!$E$23*(S2-1)+'Beállítások'!$E$24*(T2-1)+'Beállítások'!$E$25*(U2-1)+'Beállítások'!$E$26*(V2-1)+'Beállítások'!$E$27*(W2-1)+'Beállítások'!$E$28*(X2-1)+'Beállítások'!$E$29*(Y2-1))/(9*'Beállítások'!$B$45),1)) | AL2: =IF($A2="","",ROUND(100*('Beállítások'!$E$30*(Z2-1)+'Beállítások'!$E$31*(AA2-1)+'Beállítások'!$E$32*(AB2-1)+'Beállítások'!$E$33*(AC2-1)+'Beállítások'!$E$34*(AD2-1)+'Beállítások'!$E$35*(AE2-1)+'Beállítások'!$E$36*(AF2-1)+'Beállítások'!$E$37*(AG2-1)+'Beállítások'!$E$38*(AH2-1))/(9*'Beállítások'!$B$46),1)) | AM2: =IF($A2="","",ROUND(100*('Beállítások'!$E$6*(B2-1)+'Beállítások'!$E$7*(C2-1)+'Beállítások'!$E$8*(D2-1)+'Beállítások'!$E$9*(E2-1)+'Beállítások'!$E$10*(F2-1)+'Beállítások'!$E$11*(G2-1)+'Beállítások'!$E$12*(H2-1)+'Beállítások'!$E$13*(I2-1)+'Beállítások'!$E$14*(J2-1)+'Beállítások'!$E$15*(K2-1)+'Beállítások'!$E$16*(L2-1)+'Beállítások'!$E$17*(M2-1)+'Beállítások'!$E$18*(N2-1)+'Beállítások'!$E$19*(O2-1)+'Beállítások'!$E$20*(P2-1)+'Beállítások'!$E$21*(Q2-1)+'Beállítások'!$E$22*(R2-1)+'Beállítások'!$E$23*(S2-1)+'Beállítások'!$E$24*(T2-1)+'Beállítások'!$E$25*(U2-1)+'Beállítások'!$E$26*(V2-1)+'Beállítások'!$E$27*(W2-1)+'Beállítások'!$E$28*(X2-1)+'Beállítások'!$E$29*(Y2-1)+'Beállítások'!$E$30*(Z2-1)+'Beállítások'!$E$31*(AA2-1)+'Beállítások'!$E$32*(AB2-1)+'Beállítások'!$E$33*(AC2-1)+'Beállítások'!$E$34*(AD2-1)+'Beállítások'!$E$35*(AE2-1)+'Beállítások'!$E$36*(AF2-1)+'Beállítások'!$E$37*(AG2-1)+'Beállítások'!$E$38*(AH2-1))/(9*'Beállítások'!$E$39),1)) | AN2: =IF($A2="","",ROUND(100*('Beállítások'!$E$8*(D2-1)+'Beállítások'!$E$9*(E2-1)+'Beállítások'!$E$10*(F2-1)+'Beállítások'!$E$11*(G2-1)+'Beállítások'!$E$12*(H2-1)+'Beállítások'!$E$13*(I2-1)+'Beállítások'!$E$14*(J2-1)+'Beállítások'!$E$15*(K2-1)+'Beállítások'!$E$16*(L2-1)+'Beállítások'!$E$17*(M2-1)+'Beállítások'!$E$18*(N2-1)+'Beállítások'!$E$19*(O2-1)+'Beállítások'!$E$20*(P2-1)+'Beállítások'!$E$21*(Q2-1)+'Beállítások'!$E$22*(R2-1)+'Beállítások'!$E$23*(S2-1)+'Beállítások'!$E$24*(T2-1)+'Beállítások'!$E$25*(U2-1)+'Beállítások'!$E$26*(V2-1)+'Beállítások'!$E$27*(W2-1)+'Beállítások'!$E$28*(X2-1)+'Beállítások'!$E$29*(Y2-1))/(9*('Beállítások'!$B$44+'Beállítások'!$B$45)),1)) | AO2: =IF($A2="","",RANK(AM2,$AM$2:$AM$201)) | AP2: =IF($A2="","",IF(OR(AND('Ügyfelek'!B2<>"",B2<='Beállítások'!$B$85),AND('Ügyfelek'!C2<>"",C2<='Beállítások'!$B$86)),"Igen","Nem")) | AQ2: =IF($A2="","",IF(AP2="Igen",5,IF(AN2>='Beállítások'!$C$108,1,IF(AN2>='Beállítások'!$C$109,2,IF(AN2>='Beállítások'!$C$110,3,IF(AND(AN2>='Beállítások'!$B$87,AI2>='Beállítások'!$B$88,AL2>='Beállítások'!$B$89),4,5)))))) | AR2: =IF($A2="","",INDEX('Beállítások'!$B$108:$B$112,AQ2)) | AS2: =IF($A2="","",IF(AQ2=5,"Elutasítjuk",IF(AND(AQ2=4,COUNTIFS('Eredmény'!$AQ$2:$AQ$201,4,'Eredmény'!$DY$2:$DY$201,">"&DY2)>='Beállítások'!$B$90),"Várólista (a 4-es hely foglalt)","Elfogadjuk"))) | AT2: =IF($A2="","",INDEX('Beállítások'!$F$108:$F$112,AQ2)) | AU2: =IF($A2="","",INDEX('Beállítások'!$B$6:$B$38,MATCH(MAX(BK2:CQ2),BK2:CQ2,0))) | AV2: =IF($A2="","",IF(MAX(CR2:DX2)=0,"—",INDEX('Beállítások'!$B$6:$B$38,MATCH(MAX(CR2:DX2),CR2:DX2,0)))) | AW2: =IF($A2="","",'Beállítások'!$B$94*(TRIM('Ügyfelek'!AI2)="igen")+'Beállítások'!$B$95*(TRIM('Ügyfelek'!AJ2)="igen")+'Beállítások'!$B$96*N('Ügyfelek'!AK2)+'Beállítások'!$B$93*N('Ügyfelek'!AL2)) | AX2: =IF(OR($A2="",AQ2=5),"",INDEX('Beállítások'!$D$108:$D$112,AQ2)) | AY2: =IF($A2="","",N('Ügyfelek'!U2)*'Beállítások'!$B$98) | AZ2: =IF(OR($A2="",AQ2=5),"",CEILING(ROUND(MAX('Beállítások'!$B$97,AW2*AX2,AY2),2),'Beállítások'!$B$99)) | BA2: =IF($A2="","",IF(AQ2=5,"Elutasítva",IF(MAX('Beállítások'!$B$97,AW2*AX2,AY2)=AW2*AX2,"Munkaigény × státuszszorzó",IF(MAX('Beállítások'!$B$97,AW2*AX2,AY2)=AY2,"Hirdetési keret arányában","Minimumdíj")))) | BB2: =IF(OR($A2="",'Ügyfelek'!AM2=""),"",'Ügyfelek'!AM2) | BC2: =IF(OR(BB2="",AZ2=""),"",AZ2-BB2) | BD2: =IF(OR(BB2="",AZ2="",BB2=0),"",BC2/BB2) | BE2: =IF(OR($A2="",AQ2=5),"",IF(AND(INDEX('Beállítások'!$E$108:$E$112,AQ2)>0,Y2>='Beállítások'!$B$91),"Igen","Nem")) | BF2: =IF(BE2="Igen",CEILING(ROUND(AZ2*(1-'Beállítások'!$B$92),2),'Beállítások'!$B$99),"") | BG2: =IF(BE2="Igen",INDEX('Beállítások'!$E$108:$E$112,AQ2),"") | BH2: =IF(OR(BE2<>"Igen",'Ügyfelek'!AN2=""),"",'Ügyfelek'!AN2*BG2) | BI2: =IF($A2="","",('Ügyfelek'!B2="")+('Ügyfelek'!C2="")+('Ügyfelek'!D2="")+('Ügyfelek'!E2="")+('Ügyfelek'!F2="")+('Ügyfelek'!G2="")+('Ügyfelek'!H2="")+('Ügyfelek'!I2="")+('Ügyfelek'!J2="")+('Ügyfelek'!K2="")+('Ügyfelek'!L2="")+('Ügyfelek'!M2="")+('Ügyfelek'!N2="")+('Ügyfelek'!O2="")+('Ügyfelek'!P2="")+('Ügyfelek'!Q2="")+('Ügyfelek'!R2="")+('Ügyfelek'!S2="")+('Ügyfelek'!T2="")+('Ügyfelek'!U2="")+('Ügyfelek'!V2="")+('Ügyfelek'!W2="")+('Ügyfelek'!X2="")+('Ügyfelek'!Y2="")+('Ügyfelek'!Z2="")+('Ügyfelek'!AA2="")+('Ügyfelek'!AB2="")+('Ügyfelek'!AC2="")+('Ügyfelek'!AD2="")+('Ügyfelek'!AE2="")+('Ügyfelek'!AF2="")+('Ügyfelek'!AG2="")+('Ügyfelek'!AH2="")) | BK2: =IF($A2="","",B2+'Beállítások'!$E$6/1000) | BL2: =IF($A2="","",C2+'Beállítások'!$E$7/1000) | BM2: =IF($A2="","",D2+'Beállítások'!$E$8/1000) | BN2: =IF($A2="","",E2+'Beállítások'!$E$9/1000) | BO2: =IF($A2="","",F2+'Beállítások'!$E$10/1000) | BP2: =IF($A2="","",G2+'Beállítások'!$E$11/1000) | BQ2: =IF($A2="","",H2+'Beállítások'!$E$12/1000) | BR2: =IF($A2="","",I2+'Beállítások'!$E$13/1000) | BS2: =IF($A2="","",J2+'Beállítások'!$E$14/1000) | BT2: =IF($A2="","",K2+'Beállítások'!$E$15/1000) | BU2: =IF($A2="","",L2+'Beállítások'!$E$16/1000) | BV2: =IF($A2="","",M2+'Beállítások'!$E$17/1000) | BW2: =IF($A2="","",N2+'Beállítások'!$E$18/1000) | BX2: =IF($A2="","",O2+'Beállítások'!$E$19/1000) | BY2: =IF($A2="","",P2+'Beállítások'!$E$20/1000) | BZ2: =IF($A2="","",Q2+'Beállítások'!$E$21/1000) | CA2: =IF($A2="","",R2+'Beállítások'!$E$22/1000) | CB2: =IF($A2="","",S2+'Beállítások'!$E$23/1000) | CC2: =IF($A2="","",T2+'Beállítások'!$E$24/1000) | CD2: =IF($A2="","",U2+'Beállítások'!$E$25/1000) | CE2: =IF($A2="","",V2+'Beállítások'!$E$26/1000) | CF2: =IF($A2="","",W2+'Beállítások'!$E$27/1000) | CG2: =IF($A2="","",X2+'Beállítások'!$E$28/1000) | CH2: =IF($A2="","",Y2+'Beállítások'!$E$29/1000) | CI2: =IF($A2="","",Z2+'Beállítások'!$E$30/1000) | CJ2: =IF($A2="","",AA2+'Beállítások'!$E$31/1000) | CK2: =IF($A2="","",AB2+'Beállítások'!$E$32/1000) | CL2: =IF($A2="","",AC2+'Beállítások'!$E$33/1000) | CM2: =IF($A2="","",AD2+'Beállítások'!$E$34/1000) | CN2: =IF($A2="","",AE2+'Beállítások'!$E$35/1000) | CO2: =IF($A2="","",AF2+'Beállítások'!$E$36/1000) | CP2: =IF($A2="","",AG2+'Beállítások'!$E$37/1000) | CQ2: =IF($A2="","",AH2+'Beállítások'!$E$38/1000) | CR2: =IF($A2="","",'Beállítások'!$E$6*(10-B2)) | CS2: =IF($A2="","",'Beállítások'!$E$7*(10-C2)) | CT2: =IF($A2="","",'Beállítások'!$E$8*(10-D2)) | CU2: =IF($A2="","",'Beállítások'!$E$9*(10-E2)) | CV2: =IF($A2="","",'Beállítások'!$E$10*(10-F2)) | CW2: =IF($A2="","",'Beállítások'!$E$11*(10-G2)) | CX2: =IF($A2="","",'Beállítások'!$E$12*(10-H2)) | CY2: =IF($A2="","",'Beállítások'!$E$13*(10-I2)) | CZ2: =IF($A2="","",'Beállítások'!$E$14*(10-J2)) | DA2: =IF($A2="","",'Beállítások'!$E$15*(10-K2)) | DB2: =IF($A2="","",'Beállítások'!$E$16*(10-L2)) | DC2: =IF($A2="","",'Beállítások'!$E$17*(10-M2)) | DD2: =IF($A2="","",'Beállítások'!$E$18*(10-N2)) | DE2: =IF($A2="","",'Beállítások'!$E$19*(10-O2)) | DF2: =IF($A2="","",'Beállítások'!$E$20*(10-P2)) | DG2: =IF($A2="","",'Beállítások'!$E$21*(10-Q2)) | DH2: =IF($A2="","",'Beállítások'!$E$22*(10-R2)) | DI2: =IF($A2="","",'Beállítások'!$E$23*(10-S2)) | DJ2: =IF($A2="","",'Beállítások'!$E$24*(10-T2)) | DK2: =IF($A2="","",'Beállítások'!$E$25*(10-U2)) | DL2: =IF($A2="","",'Beállítások'!$E$26*(10-V2)) | DM2: =IF($A2="","",'Beállítások'!$E$27*(10-W2)) | DN2: =IF($A2="","",'Beállítások'!$E$28*(10-X2)) | DO2: =IF($A2="","",'Beállítások'!$E$29*(10-Y2)) | DP2: =IF($A2="","",'Beállítások'!$E$30*(10-Z2)) | DQ2: =IF($A2="","",'Beállítások'!$E$31*(10-AA2)) | DR2: =IF($A2="","",'Beállítások'!$E$32*(10-AB2)) | DS2: =IF($A2="","",'Beállítások'!$E$33*(10-AC2)) | DT2: =IF($A2="","",'Beállítások'!$E$34*(10-AD2)) | DU2: =IF($A2="","",'Beállítások'!$E$35*(10-AE2)) | DV2: =IF($A2="","",'Beállítások'!$E$36*(10-AF2)) | DW2: =IF($A2="","",'Beállítások'!$E$37*(10-AG2)) | DX2: =IF($A2="","",'Beállítások'!$E$38*(10-AH2)) | DY2: =IF($A2="","",AM2-ROW()/100000)
A3: =IF('Ügyfelek'!A3="","",'Ügyfelek'!A3) | B3: =IF($A3="","",IF('Ügyfelek'!B3="",'Beállítások'!$B$84,IFERROR(VLOOKUP(TRIM('Ügyfelek'!B3),'Beállítások'!$A$51:$B$59,2,FALSE),'Beállítások'!$B$84))) | C3: =IF($A3="","",IF('Ügyfelek'!C3="",'Beállítások'!$B$84,MIN(10,MAX(1,ROUND('Ügyfelek'!C3,0))))) | D3: =IF($A3="","",IF('Ügyfelek'!D3="",'Beállítások'!$B$84,MIN(10,MAX(1,ROUND('Ügyfelek'!D3,0))))) | E3: =IF($A3="","",IF('Ügyfelek'!E3="",'Beállítások'!$B$84,MIN(10,MAX(1,ROUND('Ügyfelek'!E3,0))))) | F3: =IF($A3="","",IF('Ügyfelek'!F3="",'Beállítások'!$B$84,MIN(10,MAX(1,ROUND('Ügyfelek'!F3,0))))) | G3: =IF($A3="","",IF('Ügyfelek'!G3="",'Beállítások'!$B$84,MIN(10,MAX(1,ROUND('Ügyfelek'!G3,0))))) | H3: =IF($A3="","",IF('Ügyfelek'!H3="",'Beállítások'!$B$84,MIN(10,MAX(1,ROUND('Ügyfelek'!H3,0))))) | I3: =IF($A3="","",IF('Ügyfelek'!I3="",'Beállítások'!$B$84,MIN(10,MAX(1,ROUND('Ügyfelek'!I3,0))))) | J3: =IF($A3="","",IF('Ügyfelek'!J3="",'Beállítások'!$B$84,MIN(10,MAX(1,ROUND('Ügyfelek'!J3,0))))) | ... S3: =IF($A3="","",IF('Ügyfelek'!S3="",'Beállítások'!$B$84,MIN(10,MAX(1,ROUND('Ügyfelek'!S3,0))))) | T3: =IF($A3="","",IF('Ügyfelek'!T3="",'Beállítások'!$B$84,VLOOKUP(MAX('Ügyfelek'!T3,'Beállítások'!$H$7),'Beállítások'!$H$7:$I$12,2,TRUE))) | U3: =IF($A3="","",IF('Ügyfelek'!U3="",'Beállítások'!$B$84,VLOOKUP(MAX('Ügyfelek'!U3,'Beállítások'!$K$7),'Beállítások'!$K$7:$L$12,2,TRUE))) | V3: =IF($A3="","",IF('Ügyfelek'!V3="",'Beállítások'!$B$84,MIN(10,MAX(1,ROUND('Ügyfelek'!V3,0))))) | W3: =IF($A3="","",IF('Ügyfelek'!W3="",'Beállítások'!$B$84,VLOOKUP(MAX('Ügyfelek'!W3,'Beállítások'!$N$7),'Beállítások'!$N$7:$O$12,2,TRUE))) | X3: =IF($A3="","",IF('Ügyfelek'!X3="",'Beállítások'!$B$84,MIN(10,MAX(1,ROUND('Ügyfelek'!X3,0))))) | Y3: =IF($A3="","",IF('Ügyfelek'!Y3="",'Beállítások'!$B$84,IFERROR(VLOOKUP(TRIM('Ügyfelek'!Y3),'Beállítások'!$A$63:$B$69,2,FALSE),'Beállítások'!$B$84))) | Z3: =IF($A3="","",IF('Ügyfelek'!Z3="",'Beállítások'!$B$84,VLOOKUP(MAX('Ügyfelek'!Z3,'Beállítások'!$Q$7),'Beállítások'!$Q$7:$R$12,2,TRUE))) | AA3: =IF($A3="","",IF('Ügyfelek'!AA3="",'Beállítások'!$B$84,VLOOKUP(MAX('Ügyfelek'!AA3,'Beállítások'!$T$7),'Beállítások'!$T$7:$U$12,2,TRUE))) | AB3: =IF($A3="","",IF('Ügyfelek'!AB3="",'Beállítások'!$B$84,MIN(10,MAX(1,ROUND('Ügyfelek'!AB3,0))))) | AC3: =IF($A3="","",IF('Ügyfelek'!AC3="",'Beállítások'!$B$84,MIN(10,MAX(1,ROUND('Ügyfelek'!AC3,0))))) | AD3: =IF($A3="","",IF('Ügyfelek'!AD3="",'Beállítások'!$B$84,MIN(10,MAX(1,ROUND('Ügyfelek'!AD3,0))))) | AE3: =IF($A3="","",IF('Ügyfelek'!AE3="",'Beállítások'!$B$84,MIN(10,MAX(1,ROUND('Ügyfelek'!AE3,0))))) | AF3: =IF($A3="","",IF('Ügyfelek'!AF3="",'Beállítások'!$B$84,MIN(10,MAX(1,ROUND('Ügyfelek'!AF3,0))))) | AG3: =IF($A3="","",IF('Ügyfelek'!AG3="",'Beállítások'!$B$84,MIN(10,MAX(1,ROUND('Ügyfelek'!AG3,0))))) | AH3: =IF($A3="","",IF('Ügyfelek'!AH3="",'Beállítások'!$B$84,IFERROR(VLOOKUP(TRIM('Ügyfelek'!AH3),'Beállítások'!$A$73:$B$79,2,FALSE),'Beállítások'!$B$84))) | AI3: =IF($A3="","",ROUND(100*('Beállítások'!$E$6*(B3-1)+'Beállítások'!$E$7*(C3-1))/(9*'Beállítások'!$B$43),1)) | AJ3: =IF($A3="","",ROUND(100*('Beállítások'!$E$8*(D3-1)+'Beállítások'!$E$9*(E3-1)+'Beállítások'!$E$10*(F3-1)+'Beállítások'!$E$11*(G3-1)+'Beállítások'!$E$12*(H3-1)+'Beállítások'!$E$13*(I3-1)+'Beállítások'!$E$14*(J3-1)+'Beállítások'!$E$15*(K3-1)+'Beállítások'!$E$16*(L3-1)+'Beállítások'!$E$17*(M3-1)+'Beállítások'!$E$18*(N3-1)+'Beállítások'!$E$19*(O3-1)+'Beállítások'!$E$20*(P3-1)+'Beállítások'!$E$21*(Q3-1)+'Beállítások'!$E$22*(R3-1))/(9*'Beállítások'!$B$44),1)) | AK3: =IF($A3="","",ROUND(100*('Beállítások'!$E$23*(S3-1)+'Beállítások'!$E$24*(T3-1)+'Beállítások'!$E$25*(U3-1)+'Beállítások'!$E$26*(V3-1)+'Beállítások'!$E$27*(W3-1)+'Beállítások'!$E$28*(X3-1)+'Beállítások'!$E$29*(Y3-1))/(9*'Beállítások'!$B$45),1)) | AL3: =IF($A3="","",ROUND(100*('Beállítások'!$E$30*(Z3-1)+'Beállítások'!$E$31*(AA3-1)+'Beállítások'!$E$32*(AB3-1)+'Beállítások'!$E$33*(AC3-1)+'Beállítások'!$E$34*(AD3-1)+'Beállítások'!$E$35*(AE3-1)+'Beállítások'!$E$36*(AF3-1)+'Beállítások'!$E$37*(AG3-1)+'Beállítások'!$E$38*(AH3-1))/(9*'Beállítások'!$B$46),1)) | AM3: =IF($A3="","",ROUND(100*('Beállítások'!$E$6*(B3-1)+'Beállítások'!$E$7*(C3-1)+'Beállítások'!$E$8*(D3-1)+'Beállítások'!$E$9*(E3-1)+'Beállítások'!$E$10*(F3-1)+'Beállítások'!$E$11*(G3-1)+'Beállítások'!$E$12*(H3-1)+'Beállítások'!$E$13*(I3-1)+'Beállítások'!$E$14*(J3-1)+'Beállítások'!$E$15*(K3-1)+'Beállítások'!$E$16*(L3-1)+'Beállítások'!$E$17*(M3-1)+'Beállítások'!$E$18*(N3-1)+'Beállítások'!$E$19*(O3-1)+'Beállítások'!$E$20*(P3-1)+'Beállítások'!$E$21*(Q3-1)+'Beállítások'!$E$22*(R3-1)+'Beállítások'!$E$23*(S3-1)+'Beállítások'!$E$24*(T3-1)+'Beállítások'!$E$25*(U3-1)+'Beállítások'!$E$26*(V3-1)+'Beállítások'!$E$27*(W3-1)+'Beállítások'!$E$28*(X3-1)+'Beállítások'!$E$29*(Y3-1)+'Beállítások'!$E$30*(Z3-1)+'Beállítások'!$E$31*(AA3-1)+'Beállítások'!$E$32*(AB3-1)+'Beállítások'!$E$33*(AC3-1)+'Beállítások'!$E$34*(AD3-1)+'Beállítások'!$E$35*(AE3-1)+'Beállítások'!$E$36*(AF3-1)+'Beállítások'!$E$37*(AG3-1)+'Beállítások'!$E$38*(AH3-1))/(9*'Beállítások'!$E$39),1)) | AN3: =IF($A3="","",ROUND(100*('Beállítások'!$E$8*(D3-1)+'Beállítások'!$E$9*(E3-1)+'Beállítások'!$E$10*(F3-1)+'Beállítások'!$E$11*(G3-1)+'Beállítások'!$E$12*(H3-1)+'Beállítások'!$E$13*(I3-1)+'Beállítások'!$E$14*(J3-1)+'Beállítások'!$E$15*(K3-1)+'Beállítások'!$E$16*(L3-1)+'Beállítások'!$E$17*(M3-1)+'Beállítások'!$E$18*(N3-1)+'Beállítások'!$E$19*(O3-1)+'Beállítások'!$E$20*(P3-1)+'Beállítások'!$E$21*(Q3-1)+'Beállítások'!$E$22*(R3-1)+'Beállítások'!$E$23*(S3-1)+'Beállítások'!$E$24*(T3-1)+'Beállítások'!$E$25*(U3-1)+'Beállítások'!$E$26*(V3-1)+'Beállítások'!$E$27*(W3-1)+'Beállítások'!$E$28*(X3-1)+'Beállítások'!$E$29*(Y3-1))/(9*('Beállítások'!$B$44+'Beállítások'!$B$45)),1)) | AO3: =IF($A3="","",RANK(AM3,$AM$2:$AM$201)) | AP3: =IF($A3="","",IF(OR(AND('Ügyfelek'!B3<>"",B3<='Beállítások'!$B$85),AND('Ügyfelek'!C3<>"",C3<='Beállítások'!$B$86)),"Igen","Nem")) | AQ3: =IF($A3="","",IF(AP3="Igen",5,IF(AN3>='Beállítások'!$C$108,1,IF(AN3>='Beállítások'!$C$109,2,IF(AN3>='Beállítások'!$C$110,3,IF(AND(AN3>='Beállítások'!$B$87,AI3>='Beállítások'!$B$88,AL3>='Beállítások'!$B$89),4,5)))))) | AR3: =IF($A3="","",INDEX('Beállítások'!$B$108:$B$112,AQ3)) | AS3: =IF($A3="","",IF(AQ3=5,"Elutasítjuk",IF(AND(AQ3=4,COUNTIFS('Eredmény'!$AQ$2:$AQ$201,4,'Eredmény'!$DY$2:$DY$201,">"&DY3)>='Beállítások'!$B$90),"Várólista (a 4-es hely foglalt)","Elfogadjuk"))) | AT3: =IF($A3="","",INDEX('Beállítások'!$F$108:$F$112,AQ3)) | AU3: =IF($A3="","",INDEX('Beállítások'!$B$6:$B$38,MATCH(MAX(BK3:CQ3),BK3:CQ3,0))) | AV3: =IF($A3="","",IF(MAX(CR3:DX3)=0,"—",INDEX('Beállítások'!$B$6:$B$38,MATCH(MAX(CR3:DX3),CR3:DX3,0)))) | AW3: =IF($A3="","",'Beállítások'!$B$94*(TRIM('Ügyfelek'!AI3)="igen")+'Beállítások'!$B$95*(TRIM('Ügyfelek'!AJ3)="igen")+'Beállítások'!$B$96*N('Ügyfelek'!AK3)+'Beállítások'!$B$93*N('Ügyfelek'!AL3)) | AX3: =IF(OR($A3="",AQ3=5),"",INDEX('Beállítások'!$D$108:$D$112,AQ3)) | AY3: =IF($A3="","",N('Ügyfelek'!U3)*'Beállítások'!$B$98) | AZ3: =IF(OR($A3="",AQ3=5),"",CEILING(ROUND(MAX('Beállítások'!$B$97,AW3*AX3,AY3),2),'Beállítások'!$B$99)) | BA3: =IF($A3="","",IF(AQ3=5,"Elutasítva",IF(MAX('Beállítások'!$B$97,AW3*AX3,AY3)=AW3*AX3,"Munkaigény × státuszszorzó",IF(MAX('Beállítások'!$B$97,AW3*AX3,AY3)=AY3,"Hirdetési keret arányában","Minimumdíj")))) | BB3: =IF(OR($A3="",'Ügyfelek'!AM3=""),"",'Ügyfelek'!AM3) | BC3: =IF(OR(BB3="",AZ3=""),"",AZ3-BB3) | BD3: =IF(OR(BB3="",AZ3="",BB3=0),"",BC3/BB3) | BE3: =IF(OR($A3="",AQ3=5),"",IF(AND(INDEX('Beállítások'!$E$108:$E$112,AQ3)>0,Y3>='Beállítások'!$B$91),"Igen","Nem")) | BF3: =IF(BE3="Igen",CEILING(ROUND(AZ3*(1-'Beállítások'!$B$92),2),'Beállítások'!$B$99),"") | BG3: =IF(BE3="Igen",INDEX('Beállítások'!$E$108:$E$112,AQ3),"") | BH3: =IF(OR(BE3<>"Igen",'Ügyfelek'!AN3=""),"",'Ügyfelek'!AN3*BG3) | BI3: =IF($A3="","",('Ügyfelek'!B3="")+('Ügyfelek'!C3="")+('Ügyfelek'!D3="")+('Ügyfelek'!E3="")+('Ügyfelek'!F3="")+('Ügyfelek'!G3="")+('Ügyfelek'!H3="")+('Ügyfelek'!I3="")+('Ügyfelek'!J3="")+('Ügyfelek'!K3="")+('Ügyfelek'!L3="")+('Ügyfelek'!M3="")+('Ügyfelek'!N3="")+('Ügyfelek'!O3="")+('Ügyfelek'!P3="")+('Ügyfelek'!Q3="")+('Ügyfelek'!R3="")+('Ügyfelek'!S3="")+('Ügyfelek'!T3="")+('Ügyfelek'!U3="")+('Ügyfelek'!V3="")+('Ügyfelek'!W3="")+('Ügyfelek'!X3="")+('Ügyfelek'!Y3="")+('Ügyfelek'!Z3="")+('Ügyfelek'!AA3="")+('Ügyfelek'!AB3="")+('Ügyfelek'!AC3="")+('Ügyfelek'!AD3="")+('Ügyfelek'!AE3="")+('Ügyfelek'!AF3="")+('Ügyfelek'!AG3="")+('Ügyfelek'!AH3="")) | BK3: =IF($A3="","",B3+'Beállítások'!$E$6/1000) | BL3: =IF($A3="","",C3+'Beállítások'!$E$7/1000) | BM3: =IF($A3="","",D3+'Beállítások'!$E$8/1000) | BN3: =IF($A3="","",E3+'Beállítások'!$E$9/1000) | BO3: =IF($A3="","",F3+'Beállítások'!$E$10/1000) | BP3: =IF($A3="","",G3+'Beállítások'!$E$11/1000) | BQ3: =IF($A3="","",H3+'Beállítások'!$E$12/1000) | BR3: =IF($A3="","",I3+'Beállítások'!$E$13/1000) | BS3: =IF($A3="","",J3+'Beállítások'!$E$14/1000) | BT3: =IF($A3="","",K3+'Beállítások'!$E$15/1000) | BU3: =IF($A3="","",L3+'Beállítások'!$E$16/1000) | BV3: =IF($A3="","",M3+'Beállítások'!$E$17/1000) | BW3: =IF($A3="","",N3+'Beállítások'!$E$18/1000) | BX3: =IF($A3="","",O3+'Beállítások'!$E$19/1000) | BY3: =IF($A3="","",P3+'Beállítások'!$E$20/1000) | BZ3: =IF($A3="","",Q3+'Beállítások'!$E$21/1000) | CA3: =IF($A3="","",R3+'Beállítások'!$E$22/1000) | CB3: =IF($A3="","",S3+'Beállítások'!$E$23/1000) | CC3: =IF($A3="","",T3+'Beállítások'!$E$24/1000) | CD3: =IF($A3="","",U3+'Beállítások'!$E$25/1000) | CE3: =IF($A3="","",V3+'Beállítások'!$E$26/1000) | CF3: =IF($A3="","",W3+'Beállítások'!$E$27/1000) | CG3: =IF($A3="","",X3+'Beállítások'!$E$28/1000) | CH3: =IF($A3="","",Y3+'Beállítások'!$E$29/1000) | CI3: =IF($A3="","",Z3+'Beállítások'!$E$30/1000) | CJ3: =IF($A3="","",AA3+'Beállítások'!$E$31/1000) | CK3: =IF($A3="","",AB3+'Beállítások'!$E$32/1000) | CL3: =IF($A3="","",AC3+'Beállítások'!$E$33/1000) | CM3: =IF($A3="","",AD3+'Beállítások'!$E$34/1000) | CN3: =IF($A3="","",AE3+'Beállítások'!$E$35/1000) | CO3: =IF($A3="","",AF3+'Beállítások'!$E$36/1000) | CP3: =IF($A3="","",AG3+'Beállítások'!$E$37/1000) | CQ3: =IF($A3="","",AH3+'Beállítások'!$E$38/1000) | CR3: =IF($A3="","",'Beállítások'!$E$6*(10-B3)) | CS3: =IF($A3="","",'Beállítások'!$E$7*(10-C3)) | CT3: =IF($A3="","",'Beállítások'!$E$8*(10-D3)) | CU3: =IF($A3="","",'Beállítások'!$E$9*(10-E3)) | CV3: =IF($A3="","",'Beállítások'!$E$10*(10-F3)) | CW3: =IF($A3="","",'Beállítások'!$E$11*(10-G3)) | CX3: =IF($A3="","",'Beállítások'!$E$12*(10-H3)) | CY3: =IF($A3="","",'Beállítások'!$E$13*(10-I3)) | CZ3: =IF($A3="","",'Beállítások'!$E$14*(10-J3)) | DA3: =IF($A3="","",'Beállítások'!$E$15*(10-K3)) | DB3: =IF($A3="","",'Beállítások'!$E$16*(10-L3)) | DC3: =IF($A3="","",'Beállítások'!$E$17*(10-M3)) | DD3: =IF($A3="","",'Beállítások'!$E$18*(10-N3)) | DE3: =IF($A3="","",'Beállítások'!$E$19*(10-O3)) | DF3: =IF($A3="","",'Beállítások'!$E$20*(10-P3)) | DG3: =IF($A3="","",'Beállítások'!$E$21*(10-Q3)) | DH3: =IF($A3="","",'Beállítások'!$E$22*(10-R3)) | DI3: =IF($A3="","",'Beállítások'!$E$23*(10-S3)) | DJ3: =IF($A3="","",'Beállítások'!$E$24*(10-T3)) | DK3: =IF($A3="","",'Beállítások'!$E$25*(10-U3)) | DL3: =IF($A3="","",'Beállítások'!$E$26*(10-V3)) | DM3: =IF($A3="","",'Beállítások'!$E$27*(10-W3)) | DN3: =IF($A3="","",'Beállítások'!$E$28*(10-X3)) | DO3: =IF($A3="","",'Beállítások'!$E$29*(10-Y3)) | DP3: =IF($A3="","",'Beállítások'!$E$30*(10-Z3)) | DQ3: =IF($A3="","",'Beállítások'!$E$31*(10-AA3)) | DR3: =IF($A3="","",'Beállítások'!$E$32*(10-AB3)) | DS3: =IF($A3="","",'Beállítások'!$E$33*(10-AC3)) | DT3: =IF($A3="","",'Beállítások'!$E$34*(10-AD3)) | DU3: =IF($A3="","",'Beállítások'!$E$35*(10-AE3)) | DV3: =IF($A3="","",'Beállítások'!$E$36*(10-AF3)) | DW3: =IF($A3="","",'Beállítások'!$E$37*(10-AG3)) | DX3: =IF($A3="","",'Beállítások'!$E$38*(10-AH3)) | DY3: =IF($A3="","",AM3-ROW()/100000)
A4: =IF('Ügyfelek'!A4="","",'Ügyfelek'!A4) | B4: =IF($A4="","",IF('Ügyfelek'!B4="",'Beállítások'!$B$84,IFERROR(VLOOKUP(TRIM('Ügyfelek'!B4),'Beállítások'!$A$51:$B$59,2,FALSE),'Beállítások'!$B$84))) | C4: =IF($A4="","",IF('Ügyfelek'!C4="",'Beállítások'!$B$84,MIN(10,MAX(1,ROUND('Ügyfelek'!C4,0))))) | D4: =IF($A4="","",IF('Ügyfelek'!D4="",'Beállítások'!$B$84,MIN(10,MAX(1,ROUND('Ügyfelek'!D4,0))))) | E4: =IF($A4="","",IF('Ügyfelek'!E4="",'Beállítások'!$B$84,MIN(10,MAX(1,ROUND('Ügyfelek'!E4,0))))) | F4: =IF($A4="","",IF('Ügyfelek'!F4="",'Beállítások'!$B$84,MIN(10,MAX(1,ROUND('Ügyfelek'!F4,0))))) | G4: =IF($A4="","",IF('Ügyfelek'!G4="",'Beállítások'!$B$84,MIN(10,MAX(1,ROUND('Ügyfelek'!G4,0))))) | H4: =IF($A4="","",IF('Ügyfelek'!H4="",'Beállítások'!$B$84,MIN(10,MAX(1,ROUND('Ügyfelek'!H4,0))))) | I4: =IF($A4="","",IF('Ügyfelek'!I4="",'Beállítások'!$B$84,MIN(10,MAX(1,ROUND('Ügyfelek'!I4,0))))) | J4: =IF($A4="","",IF('Ügyfelek'!J4="",'Beállítások'!$B$84,MIN(10,MAX(1,ROUND('Ügyfelek'!J4,0))))) | ... S4: =IF($A4="","",IF('Ügyfelek'!S4="",'Beállítások'!$B$84,MIN(10,MAX(1,ROUND('Ügyfelek'!S4,0))))) | T4: =IF($A4="","",IF('Ügyfelek'!T4="",'Beállítások'!$B$84,VLOOKUP(MAX('Ügyfelek'!T4,'Beállítások'!$H$7),'Beállítások'!$H$7:$I$12,2,TRUE))) | U4: =IF($A4="","",IF('Ügyfelek'!U4="",'Beállítások'!$B$84,VLOOKUP(MAX('Ügyfelek'!U4,'Beállítások'!$K$7),'Beállítások'!$K$7:$L$12,2,TRUE))) | V4: =IF($A4="","",IF('Ügyfelek'!V4="",'Beállítások'!$B$84,MIN(10,MAX(1,ROUND('Ügyfelek'!V4,0))))) | W4: =IF($A4="","",IF('Ügyfelek'!W4="",'Beállítások'!$B$84,VLOOKUP(MAX('Ügyfelek'!W4,'Beállítások'!$N$7),'Beállítások'!$N$7:$O$12,2,TRUE))) | X4: =IF($A4="","",IF('Ügyfelek'!X4="",'Beállítások'!$B$84,MIN(10,MAX(1,ROUND('Ügyfelek'!X4,0))))) | Y4: =IF($A4="","",IF('Ügyfelek'!Y4="",'Beállítások'!$B$84,IFERROR(VLOOKUP(TRIM('Ügyfelek'!Y4),'Beállítások'!$A$63:$B$69,2,FALSE),'Beállítások'!$B$84))) | Z4: =IF($A4="","",IF('Ügyfelek'!Z4="",'Beállítások'!$B$84,VLOOKUP(MAX('Ügyfelek'!Z4,'Beállítások'!$Q$7),'Beállítások'!$Q$7:$R$12,2,TRUE))) | AA4: =IF($A4="","",IF('Ügyfelek'!AA4="",'Beállítások'!$B$84,VLOOKUP(MAX('Ügyfelek'!AA4,'Beállítások'!$T$7),'Beállítások'!$T$7:$U$12,2,TRUE))) | AB4: =IF($A4="","",IF('Ügyfelek'!AB4="",'Beállítások'!$B$84,MIN(10,MAX(1,ROUND('Ügyfelek'!AB4,0))))) | AC4: =IF($A4="","",IF('Ügyfelek'!AC4="",'Beállítások'!$B$84,MIN(10,MAX(1,ROUND('Ügyfelek'!AC4,0))))) | AD4: =IF($A4="","",IF('Ügyfelek'!AD4="",'Beállítások'!$B$84,MIN(10,MAX(1,ROUND('Ügyfelek'!AD4,0))))) | AE4: =IF($A4="","",IF('Ügyfelek'!AE4="",'Beállítások'!$B$84,MIN(10,MAX(1,ROUND('Ügyfelek'!AE4,0))))) | AF4: =IF($A4="","",IF('Ügyfelek'!AF4="",'Beállítások'!$B$84,MIN(10,MAX(1,ROUND('Ügyfelek'!AF4,0))))) | AG4: =IF($A4="","",IF('Ügyfelek'!AG4="",'Beállítások'!$B$84,MIN(10,MAX(1,ROUND('Ügyfelek'!AG4,0))))) | AH4: =IF($A4="","",IF('Ügyfelek'!AH4="",'Beállítások'!$B$84,IFERROR(VLOOKUP(TRIM('Ügyfelek'!AH4),'Beállítások'!$A$73:$B$79,2,FALSE),'Beállítások'!$B$84))) | AI4: =IF($A4="","",ROUND(100*('Beállítások'!$E$6*(B4-1)+'Beállítások'!$E$7*(C4-1))/(9*'Beállítások'!$B$43),1)) | AJ4: =IF($A4="","",ROUND(100*('Beállítások'!$E$8*(D4-1)+'Beállítások'!$E$9*(E4-1)+'Beállítások'!$E$10*(F4-1)+'Beállítások'!$E$11*(G4-1)+'Beállítások'!$E$12*(H4-1)+'Beállítások'!$E$13*(I4-1)+'Beállítások'!$E$14*(J4-1)+'Beállítások'!$E$15*(K4-1)+'Beállítások'!$E$16*(L4-1)+'Beállítások'!$E$17*(M4-1)+'Beállítások'!$E$18*(N4-1)+'Beállítások'!$E$19*(O4-1)+'Beállítások'!$E$20*(P4-1)+'Beállítások'!$E$21*(Q4-1)+'Beállítások'!$E$22*(R4-1))/(9*'Beállítások'!$B$44),1)) | AK4: =IF($A4="","",ROUND(100*('Beállítások'!$E$23*(S4-1)+'Beállítások'!$E$24*(T4-1)+'Beállítások'!$E$25*(U4-1)+'Beállítások'!$E$26*(V4-1)+'Beállítások'!$E$27*(W4-1)+'Beállítások'!$E$28*(X4-1)+'Beállítások'!$E$29*(Y4-1))/(9*'Beállítások'!$B$45),1)) | AL4: =IF($A4="","",ROUND(100*('Beállítások'!$E$30*(Z4-1)+'Beállítások'!$E$31*(AA4-1)+'Beállítások'!$E$32*(AB4-1)+'Beállítások'!$E$33*(AC4-1)+'Beállítások'!$E$34*(AD4-1)+'Beállítások'!$E$35*(AE4-1)+'Beállítások'!$E$36*(AF4-1)+'Beállítások'!$E$37*(AG4-1)+'Beállítások'!$E$38*(AH4-1))/(9*'Beállítások'!$B$46),1)) | AM4: =IF($A4="","",ROUND(100*('Beállítások'!$E$6*(B4-1)+'Beállítások'!$E$7*(C4-1)+'Beállítások'!$E$8*(D4-1)+'Beállítások'!$E$9*(E4-1)+'Beállítások'!$E$10*(F4-1)+'Beállítások'!$E$11*(G4-1)+'Beállítások'!$E$12*(H4-1)+'Beállítások'!$E$13*(I4-1)+'Beállítások'!$E$14*(J4-1)+'Beállítások'!$E$15*(K4-1)+'Beállítások'!$E$16*(L4-1)+'Beállítások'!$E$17*(M4-1)+'Beállítások'!$E$18*(N4-1)+'Beállítások'!$E$19*(O4-1)+'Beállítások'!$E$20*(P4-1)+'Beállítások'!$E$21*(Q4-1)+'Beállítások'!$E$22*(R4-1)+'Beállítások'!$E$23*(S4-1)+'Beállítások'!$E$24*(T4-1)+'Beállítások'!$E$25*(U4-1)+'Beállítások'!$E$26*(V4-1)+'Beállítások'!$E$27*(W4-1)+'Beállítások'!$E$28*(X4-1)+'Beállítások'!$E$29*(Y4-1)+'Beállítások'!$E$30*(Z4-1)+'Beállítások'!$E$31*(AA4-1)+'Beállítások'!$E$32*(AB4-1)+'Beállítások'!$E$33*(AC4-1)+'Beállítások'!$E$34*(AD4-1)+'Beállítások'!$E$35*(AE4-1)+'Beállítások'!$E$36*(AF4-1)+'Beállítások'!$E$37*(AG4-1)+'Beállítások'!$E$38*(AH4-1))/(9*'Beállítások'!$E$39),1)) | AN4: =IF($A4="","",ROUND(100*('Beállítások'!$E$8*(D4-1)+'Beállítások'!$E$9*(E4-1)+'Beállítások'!$E$10*(F4-1)+'Beállítások'!$E$11*(G4-1)+'Beállítások'!$E$12*(H4-1)+'Beállítások'!$E$13*(I4-1)+'Beállítások'!$E$14*(J4-1)+'Beállítások'!$E$15*(K4-1)+'Beállítások'!$E$16*(L4-1)+'Beállítások'!$E$17*(M4-1)+'Beállítások'!$E$18*(N4-1)+'Beállítások'!$E$19*(O4-1)+'Beállítások'!$E$20*(P4-1)+'Beállítások'!$E$21*(Q4-1)+'Beállítások'!$E$22*(R4-1)+'Beállítások'!$E$23*(S4-1)+'Beállítások'!$E$24*(T4-1)+'Beállítások'!$E$25*(U4-1)+'Beállítások'!$E$26*(V4-1)+'Beállítások'!$E$27*(W4-1)+'Beállítások'!$E$28*(X4-1)+'Beállítások'!$E$29*(Y4-1))/(9*('Beállítások'!$B$44+'Beállítások'!$B$45)),1)) | AO4: =IF($A4="","",RANK(AM4,$AM$2:$AM$201)) | AP4: =IF($A4="","",IF(OR(AND('Ügyfelek'!B4<>"",B4<='Beállítások'!$B$85),AND('Ügyfelek'!C4<>"",C4<='Beállítások'!$B$86)),"Igen","Nem")) | AQ4: =IF($A4="","",IF(AP4="Igen",5,IF(AN4>='Beállítások'!$C$108,1,IF(AN4>='Beállítások'!$C$109,2,IF(AN4>='Beállítások'!$C$110,3,IF(AND(AN4>='Beállítások'!$B$87,AI4>='Beállítások'!$B$88,AL4>='Beállítások'!$B$89),4,5)))))) | AR4: =IF($A4="","",INDEX('Beállítások'!$B$108:$B$112,AQ4)) | AS4: =IF($A4="","",IF(AQ4=5,"Elutasítjuk",IF(AND(AQ4=4,COUNTIFS('Eredmény'!$AQ$2:$AQ$201,4,'Eredmény'!$DY$2:$DY$201,">"&DY4)>='Beállítások'!$B$90),"Várólista (a 4-es hely foglalt)","Elfogadjuk"))) | AT4: =IF($A4="","",INDEX('Beállítások'!$F$108:$F$112,AQ4)) | AU4: =IF($A4="","",INDEX('Beállítások'!$B$6:$B$38,MATCH(MAX(BK4:CQ4),BK4:CQ4,0))) | AV4: =IF($A4="","",IF(MAX(CR4:DX4)=0,"—",INDEX('Beállítások'!$B$6:$B$38,MATCH(MAX(CR4:DX4),CR4:DX4,0)))) | AW4: =IF($A4="","",'Beállítások'!$B$94*(TRIM('Ügyfelek'!AI4)="igen")+'Beállítások'!$B$95*(TRIM('Ügyfelek'!AJ4)="igen")+'Beállítások'!$B$96*N('Ügyfelek'!AK4)+'Beállítások'!$B$93*N('Ügyfelek'!AL4)) | AX4: =IF(OR($A4="",AQ4=5),"",INDEX('Beállítások'!$D$108:$D$112,AQ4)) | AY4: =IF($A4="","",N('Ügyfelek'!U4)*'Beállítások'!$B$98) | AZ4: =IF(OR($A4="",AQ4=5),"",CEILING(ROUND(MAX('Beállítások'!$B$97,AW4*AX4,AY4),2),'Beállítások'!$B$99)) | BA4: =IF($A4="","",IF(AQ4=5,"Elutasítva",IF(MAX('Beállítások'!$B$97,AW4*AX4,AY4)=AW4*AX4,"Munkaigény × státuszszorzó",IF(MAX('Beállítások'!$B$97,AW4*AX4,AY4)=AY4,"Hirdetési keret arányában","Minimumdíj")))) | BB4: =IF(OR($A4="",'Ügyfelek'!AM4=""),"",'Ügyfelek'!AM4) | BC4: =IF(OR(BB4="",AZ4=""),"",AZ4-BB4) | BD4: =IF(OR(BB4="",AZ4="",BB4=0),"",BC4/BB4) | BE4: =IF(OR($A4="",AQ4=5),"",IF(AND(INDEX('Beállítások'!$E$108:$E$112,AQ4)>0,Y4>='Beállítások'!$B$91),"Igen","Nem")) | BF4: =IF(BE4="Igen",CEILING(ROUND(AZ4*(1-'Beállítások'!$B$92),2),'Beállítások'!$B$99),"") | BG4: =IF(BE4="Igen",INDEX('Beállítások'!$E$108:$E$112,AQ4),"") | BH4: =IF(OR(BE4<>"Igen",'Ügyfelek'!AN4=""),"",'Ügyfelek'!AN4*BG4) | BI4: =IF($A4="","",('Ügyfelek'!B4="")+('Ügyfelek'!C4="")+('Ügyfelek'!D4="")+('Ügyfelek'!E4="")+('Ügyfelek'!F4="")+('Ügyfelek'!G4="")+('Ügyfelek'!H4="")+('Ügyfelek'!I4="")+('Ügyfelek'!J4="")+('Ügyfelek'!K4="")+('Ügyfelek'!L4="")+('Ügyfelek'!M4="")+('Ügyfelek'!N4="")+('Ügyfelek'!O4="")+('Ügyfelek'!P4="")+('Ügyfelek'!Q4="")+('Ügyfelek'!R4="")+('Ügyfelek'!S4="")+('Ügyfelek'!T4="")+('Ügyfelek'!U4="")+('Ügyfelek'!V4="")+('Ügyfelek'!W4="")+('Ügyfelek'!X4="")+('Ügyfelek'!Y4="")+('Ügyfelek'!Z4="")+('Ügyfelek'!AA4="")+('Ügyfelek'!AB4="")+('Ügyfelek'!AC4="")+('Ügyfelek'!AD4="")+('Ügyfelek'!AE4="")+('Ügyfelek'!AF4="")+('Ügyfelek'!AG4="")+('Ügyfelek'!AH4="")) | BK4: =IF($A4="","",B4+'Beállítások'!$E$6/1000) | BL4: =IF($A4="","",C4+'Beállítások'!$E$7/1000) | BM4: =IF($A4="","",D4+'Beállítások'!$E$8/1000) | BN4: =IF($A4="","",E4+'Beállítások'!$E$9/1000) | BO4: =IF($A4="","",F4+'Beállítások'!$E$10/1000) | BP4: =IF($A4="","",G4+'Beállítások'!$E$11/1000) | BQ4: =IF($A4="","",H4+'Beállítások'!$E$12/1000) | BR4: =IF($A4="","",I4+'Beállítások'!$E$13/1000) | BS4: =IF($A4="","",J4+'Beállítások'!$E$14/1000) | BT4: =IF($A4="","",K4+'Beállítások'!$E$15/1000) | BU4: =IF($A4="","",L4+'Beállítások'!$E$16/1000) | BV4: =IF($A4="","",M4+'Beállítások'!$E$17/1000) | BW4: =IF($A4="","",N4+'Beállítások'!$E$18/1000) | BX4: =IF($A4="","",O4+'Beállítások'!$E$19/1000) | BY4: =IF($A4="","",P4+'Beállítások'!$E$20/1000) | BZ4: =IF($A4="","",Q4+'Beállítások'!$E$21/1000) | CA4: =IF($A4="","",R4+'Beállítások'!$E$22/1000) | CB4: =IF($A4="","",S4+'Beállítások'!$E$23/1000) | CC4: =IF($A4="","",T4+'Beállítások'!$E$24/1000) | CD4: =IF($A4="","",U4+'Beállítások'!$E$25/1000) | CE4: =IF($A4="","",V4+'Beállítások'!$E$26/1000) | CF4: =IF($A4="","",W4+'Beállítások'!$E$27/1000) | CG4: =IF($A4="","",X4+'Beállítások'!$E$28/1000) | CH4: =IF($A4="","",Y4+'Beállítások'!$E$29/1000) | CI4: =IF($A4="","",Z4+'Beállítások'!$E$30/1000) | CJ4: =IF($A4="","",AA4+'Beállítások'!$E$31/1000) | CK4: =IF($A4="","",AB4+'Beállítások'!$E$32/1000) | CL4: =IF($A4="","",AC4+'Beállítások'!$E$33/1000) | CM4: =IF($A4="","",AD4+'Beállítások'!$E$34/1000) | CN4: =IF($A4="","",AE4+'Beállítások'!$E$35/1000) | CO4: =IF($A4="","",AF4+'Beállítások'!$E$36/1000) | CP4: =IF($A4="","",AG4+'Beállítások'!$E$37/1000) | CQ4: =IF($A4="","",AH4+'Beállítások'!$E$38/1000) | CR4: =IF($A4="","",'Beállítások'!$E$6*(10-B4)) | CS4: =IF($A4="","",'Beállítások'!$E$7*(10-C4)) | CT4: =IF($A4="","",'Beállítások'!$E$8*(10-D4)) | CU4: =IF($A4="","",'Beállítások'!$E$9*(10-E4)) | CV4: =IF($A4="","",'Beállítások'!$E$10*(10-F4)) | CW4: =IF($A4="","",'Beállítások'!$E$11*(10-G4)) | CX4: =IF($A4="","",'Beállítások'!$E$12*(10-H4)) | CY4: =IF($A4="","",'Beállítások'!$E$13*(10-I4)) | CZ4: =IF($A4="","",'Beállítások'!$E$14*(10-J4)) | DA4: =IF($A4="","",'Beállítások'!$E$15*(10-K4)) | DB4: =IF($A4="","",'Beállítások'!$E$16*(10-L4)) | DC4: =IF($A4="","",'Beállítások'!$E$17*(10-M4)) | DD4: =IF($A4="","",'Beállítások'!$E$18*(10-N4)) | DE4: =IF($A4="","",'Beállítások'!$E$19*(10-O4)) | DF4: =IF($A4="","",'Beállítások'!$E$20*(10-P4)) | DG4: =IF($A4="","",'Beállítások'!$E$21*(10-Q4)) | DH4: =IF($A4="","",'Beállítások'!$E$22*(10-R4)) | DI4: =IF($A4="","",'Beállítások'!$E$23*(10-S4)) | DJ4: =IF($A4="","",'Beállítások'!$E$24*(10-T4)) | DK4: =IF($A4="","",'Beállítások'!$E$25*(10-U4)) | DL4: =IF($A4="","",'Beállítások'!$E$26*(10-V4)) | DM4: =IF($A4="","",'Beállítások'!$E$27*(10-W4)) | DN4: =IF($A4="","",'Beállítások'!$E$28*(10-X4)) | DO4: =IF($A4="","",'Beállítások'!$E$29*(10-Y4)) | DP4: =IF($A4="","",'Beállítások'!$E$30*(10-Z4)) | DQ4: =IF($A4="","",'Beállítások'!$E$31*(10-AA4)) | DR4: =IF($A4="","",'Beállítások'!$E$32*(10-AB4)) | DS4: =IF($A4="","",'Beállítások'!$E$33*(10-AC4)) | DT4: =IF($A4="","",'Beállítások'!$E$34*(10-AD4)) | DU4: =IF($A4="","",'Beállítások'!$E$35*(10-AE4)) | DV4: =IF($A4="","",'Beállítások'!$E$36*(10-AF4)) | DW4: =IF($A4="","",'Beállítások'!$E$37*(10-AG4)) | DX4: =IF($A4="","",'Beállítások'!$E$38*(10-AH4)) | DY4: =IF($A4="","",AM4-ROW()/100000)
A5: =IF('Ügyfelek'!A5="","",'Ügyfelek'!A5) | B5: =IF($A5="","",IF('Ügyfelek'!B5="",'Beállítások'!$B$84,IFERROR(VLOOKUP(TRIM('Ügyfelek'!B5),'Beállítások'!$A$51:$B$59,2,FALSE),'Beállítások'!$B$84))) | C5: =IF($A5="","",IF('Ügyfelek'!C5="",'Beállítások'!$B$84,MIN(10,MAX(1,ROUND('Ügyfelek'!C5,0))))) | D5: =IF($A5="","",IF('Ügyfelek'!D5="",'Beállítások'!$B$84,MIN(10,MAX(1,ROUND('Ügyfelek'!D5,0))))) | E5: =IF($A5="","",IF('Ügyfelek'!E5="",'Beállítások'!$B$84,MIN(10,MAX(1,ROUND('Ügyfelek'!E5,0))))) | F5: =IF($A5="","",IF('Ügyfelek'!F5="",'Beállítások'!$B$84,MIN(10,MAX(1,ROUND('Ügyfelek'!F5,0))))) | G5: =IF($A5="","",IF('Ügyfelek'!G5="",'Beállítások'!$B$84,MIN(10,MAX(1,ROUND('Ügyfelek'!G5,0))))) | H5: =IF($A5="","",IF('Ügyfelek'!H5="",'Beállítások'!$B$84,MIN(10,MAX(1,ROUND('Ügyfelek'!H5,0))))) | I5: =IF($A5="","",IF('Ügyfelek'!I5="",'Beállítások'!$B$84,MIN(10,MAX(1,ROUND('Ügyfelek'!I5,0))))) | J5: =IF($A5="","",IF('Ügyfelek'!J5="",'Beállítások'!$B$84,MIN(10,MAX(1,ROUND('Ügyfelek'!J5,0))))) | ... S5: =IF($A5="","",IF('Ügyfelek'!S5="",'Beállítások'!$B$84,MIN(10,MAX(1,ROUND('Ügyfelek'!S5,0))))) | T5: =IF($A5="","",IF('Ügyfelek'!T5="",'Beállítások'!$B$84,VLOOKUP(MAX('Ügyfelek'!T5,'Beállítások'!$H$7),'Beállítások'!$H$7:$I$12,2,TRUE))) | U5: =IF($A5="","",IF('Ügyfelek'!U5="",'Beállítások'!$B$84,VLOOKUP(MAX('Ügyfelek'!U5,'Beállítások'!$K$7),'Beállítások'!$K$7:$L$12,2,TRUE))) | V5: =IF($A5="","",IF('Ügyfelek'!V5="",'Beállítások'!$B$84,MIN(10,MAX(1,ROUND('Ügyfelek'!V5,0))))) | W5: =IF($A5="","",IF('Ügyfelek'!W5="",'Beállítások'!$B$84,VLOOKUP(MAX('Ügyfelek'!W5,'Beállítások'!$N$7),'Beállítások'!$N$7:$O$12,2,TRUE))) | X5: =IF($A5="","",IF('Ügyfelek'!X5="",'Beállítások'!$B$84,MIN(10,MAX(1,ROUND('Ügyfelek'!X5,0))))) | Y5: =IF($A5="","",IF('Ügyfelek'!Y5="",'Beállítások'!$B$84,IFERROR(VLOOKUP(TRIM('Ügyfelek'!Y5),'Beállítások'!$A$63:$B$69,2,FALSE),'Beállítások'!$B$84))) | Z5: =IF($A5="","",IF('Ügyfelek'!Z5="",'Beállítások'!$B$84,VLOOKUP(MAX('Ügyfelek'!Z5,'Beállítások'!$Q$7),'Beállítások'!$Q$7:$R$12,2,TRUE))) | AA5: =IF($A5="","",IF('Ügyfelek'!AA5="",'Beállítások'!$B$84,VLOOKUP(MAX('Ügyfelek'!AA5,'Beállítások'!$T$7),'Beállítások'!$T$7:$U$12,2,TRUE))) | AB5: =IF($A5="","",IF('Ügyfelek'!AB5="",'Beállítások'!$B$84,MIN(10,MAX(1,ROUND('Ügyfelek'!AB5,0))))) | AC5: =IF($A5="","",IF('Ügyfelek'!AC5="",'Beállítások'!$B$84,MIN(10,MAX(1,ROUND('Ügyfelek'!AC5,0))))) | AD5: =IF($A5="","",IF('Ügyfelek'!AD5="",'Beállítások'!$B$84,MIN(10,MAX(1,ROUND('Ügyfelek'!AD5,0))))) | AE5: =IF($A5="","",IF('Ügyfelek'!AE5="",'Beállítások'!$B$84,MIN(10,MAX(1,ROUND('Ügyfelek'!AE5,0))))) | AF5: =IF($A5="","",IF('Ügyfelek'!AF5="",'Beállítások'!$B$84,MIN(10,MAX(1,ROUND('Ügyfelek'!AF5,0))))) | AG5: =IF($A5="","",IF('Ügyfelek'!AG5="",'Beállítások'!$B$84,MIN(10,MAX(1,ROUND('Ügyfelek'!AG5,0))))) | AH5: =IF($A5="","",IF('Ügyfelek'!AH5="",'Beállítások'!$B$84,IFERROR(VLOOKUP(TRIM('Ügyfelek'!AH5),'Beállítások'!$A$73:$B$79,2,FALSE),'Beállítások'!$B$84))) | AI5: =IF($A5="","",ROUND(100*('Beállítások'!$E$6*(B5-1)+'Beállítások'!$E$7*(C5-1))/(9*'Beállítások'!$B$43),1)) | AJ5: =IF($A5="","",ROUND(100*('Beállítások'!$E$8*(D5-1)+'Beállítások'!$E$9*(E5-1)+'Beállítások'!$E$10*(F5-1)+'Beállítások'!$E$11*(G5-1)+'Beállítások'!$E$12*(H5-1)+'Beállítások'!$E$13*(I5-1)+'Beállítások'!$E$14*(J5-1)+'Beállítások'!$E$15*(K5-1)+'Beállítások'!$E$16*(L5-1)+'Beállítások'!$E$17*(M5-1)+'Beállítások'!$E$18*(N5-1)+'Beállítások'!$E$19*(O5-1)+'Beállítások'!$E$20*(P5-1)+'Beállítások'!$E$21*(Q5-1)+'Beállítások'!$E$22*(R5-1))/(9*'Beállítások'!$B$44),1)) | AK5: =IF($A5="","",ROUND(100*('Beállítások'!$E$23*(S5-1)+'Beállítások'!$E$24*(T5-1)+'Beállítások'!$E$25*(U5-1)+'Beállítások'!$E$26*(V5-1)+'Beállítások'!$E$27*(W5-1)+'Beállítások'!$E$28*(X5-1)+'Beállítások'!$E$29*(Y5-1))/(9*'Beállítások'!$B$45),1)) | AL5: =IF($A5="","",ROUND(100*('Beállítások'!$E$30*(Z5-1)+'Beállítások'!$E$31*(AA5-1)+'Beállítások'!$E$32*(AB5-1)+'Beállítások'!$E$33*(AC5-1)+'Beállítások'!$E$34*(AD5-1)+'Beállítások'!$E$35*(AE5-1)+'Beállítások'!$E$36*(AF5-1)+'Beállítások'!$E$37*(AG5-1)+'Beállítások'!$E$38*(AH5-1))/(9*'Beállítások'!$B$46),1)) | AM5: =IF($A5="","",ROUND(100*('Beállítások'!$E$6*(B5-1)+'Beállítások'!$E$7*(C5-1)+'Beállítások'!$E$8*(D5-1)+'Beállítások'!$E$9*(E5-1)+'Beállítások'!$E$10*(F5-1)+'Beállítások'!$E$11*(G5-1)+'Beállítások'!$E$12*(H5-1)+'Beállítások'!$E$13*(I5-1)+'Beállítások'!$E$14*(J5-1)+'Beállítások'!$E$15*(K5-1)+'Beállítások'!$E$16*(L5-1)+'Beállítások'!$E$17*(M5-1)+'Beállítások'!$E$18*(N5-1)+'Beállítások'!$E$19*(O5-1)+'Beállítások'!$E$20*(P5-1)+'Beállítások'!$E$21*(Q5-1)+'Beállítások'!$E$22*(R5-1)+'Beállítások'!$E$23*(S5-1)+'Beállítások'!$E$24*(T5-1)+'Beállítások'!$E$25*(U5-1)+'Beállítások'!$E$26*(V5-1)+'Beállítások'!$E$27*(W5-1)+'Beállítások'!$E$28*(X5-1)+'Beállítások'!$E$29*(Y5-1)+'Beállítások'!$E$30*(Z5-1)+'Beállítások'!$E$31*(AA5-1)+'Beállítások'!$E$32*(AB5-1)+'Beállítások'!$E$33*(AC5-1)+'Beállítások'!$E$34*(AD5-1)+'Beállítások'!$E$35*(AE5-1)+'Beállítások'!$E$36*(AF5-1)+'Beállítások'!$E$37*(AG5-1)+'Beállítások'!$E$38*(AH5-1))/(9*'Beállítások'!$E$39),1)) | AN5: =IF($A5="","",ROUND(100*('Beállítások'!$E$8*(D5-1)+'Beállítások'!$E$9*(E5-1)+'Beállítások'!$E$10*(F5-1)+'Beállítások'!$E$11*(G5-1)+'Beállítások'!$E$12*(H5-1)+'Beállítások'!$E$13*(I5-1)+'Beállítások'!$E$14*(J5-1)+'Beállítások'!$E$15*(K5-1)+'Beállítások'!$E$16*(L5-1)+'Beállítások'!$E$17*(M5-1)+'Beállítások'!$E$18*(N5-1)+'Beállítások'!$E$19*(O5-1)+'Beállítások'!$E$20*(P5-1)+'Beállítások'!$E$21*(Q5-1)+'Beállítások'!$E$22*(R5-1)+'Beállítások'!$E$23*(S5-1)+'Beállítások'!$E$24*(T5-1)+'Beállítások'!$E$25*(U5-1)+'Beállítások'!$E$26*(V5-1)+'Beállítások'!$E$27*(W5-1)+'Beállítások'!$E$28*(X5-1)+'Beállítások'!$E$29*(Y5-1))/(9*('Beállítások'!$B$44+'Beállítások'!$B$45)),1)) | AO5: =IF($A5="","",RANK(AM5,$AM$2:$AM$201)) | AP5: =IF($A5="","",IF(OR(AND('Ügyfelek'!B5<>"",B5<='Beállítások'!$B$85),AND('Ügyfelek'!C5<>"",C5<='Beállítások'!$B$86)),"Igen","Nem")) | AQ5: =IF($A5="","",IF(AP5="Igen",5,IF(AN5>='Beállítások'!$C$108,1,IF(AN5>='Beállítások'!$C$109,2,IF(AN5>='Beállítások'!$C$110,3,IF(AND(AN5>='Beállítások'!$B$87,AI5>='Beállítások'!$B$88,AL5>='Beállítások'!$B$89),4,5)))))) | AR5: =IF($A5="","",INDEX('Beállítások'!$B$108:$B$112,AQ5)) | AS5: =IF($A5="","",IF(AQ5=5,"Elutasítjuk",IF(AND(AQ5=4,COUNTIFS('Eredmény'!$AQ$2:$AQ$201,4,'Eredmény'!$DY$2:$DY$201,">"&DY5)>='Beállítások'!$B$90),"Várólista (a 4-es hely foglalt)","Elfogadjuk"))) | AT5: =IF($A5="","",INDEX('Beállítások'!$F$108:$F$112,AQ5)) | AU5: =IF($A5="","",INDEX('Beállítások'!$B$6:$B$38,MATCH(MAX(BK5:CQ5),BK5:CQ5,0))) | AV5: =IF($A5="","",IF(MAX(CR5:DX5)=0,"—",INDEX('Beállítások'!$B$6:$B$38,MATCH(MAX(CR5:DX5),CR5:DX5,0)))) | AW5: =IF($A5="","",'Beállítások'!$B$94*(TRIM('Ügyfelek'!AI5)="igen")+'Beállítások'!$B$95*(TRIM('Ügyfelek'!AJ5)="igen")+'Beállítások'!$B$96*N('Ügyfelek'!AK5)+'Beállítások'!$B$93*N('Ügyfelek'!AL5)) | AX5: =IF(OR($A5="",AQ5=5),"",INDEX('Beállítások'!$D$108:$D$112,AQ5)) | AY5: =IF($A5="","",N('Ügyfelek'!U5)*'Beállítások'!$B$98) | AZ5: =IF(OR($A5="",AQ5=5),"",CEILING(ROUND(MAX('Beállítások'!$B$97,AW5*AX5,AY5),2),'Beállítások'!$B$99)) | BA5: =IF($A5="","",IF(AQ5=5,"Elutasítva",IF(MAX('Beállítások'!$B$97,AW5*AX5,AY5)=AW5*AX5,"Munkaigény × státuszszorzó",IF(MAX('Beállítások'!$B$97,AW5*AX5,AY5)=AY5,"Hirdetési keret arányában","Minimumdíj")))) | BB5: =IF(OR($A5="",'Ügyfelek'!AM5=""),"",'Ügyfelek'!AM5) | BC5: =IF(OR(BB5="",AZ5=""),"",AZ5-BB5) | BD5: =IF(OR(BB5="",AZ5="",BB5=0),"",BC5/BB5) | BE5: =IF(OR($A5="",AQ5=5),"",IF(AND(INDEX('Beállítások'!$E$108:$E$112,AQ5)>0,Y5>='Beállítások'!$B$91),"Igen","Nem")) | BF5: =IF(BE5="Igen",CEILING(ROUND(AZ5*(1-'Beállítások'!$B$92),2),'Beállítások'!$B$99),"") | BG5: =IF(BE5="Igen",INDEX('Beállítások'!$E$108:$E$112,AQ5),"") | BH5: =IF(OR(BE5<>"Igen",'Ügyfelek'!AN5=""),"",'Ügyfelek'!AN5*BG5) | BI5: =IF($A5="","",('Ügyfelek'!B5="")+('Ügyfelek'!C5="")+('Ügyfelek'!D5="")+('Ügyfelek'!E5="")+('Ügyfelek'!F5="")+('Ügyfelek'!G5="")+('Ügyfelek'!H5="")+('Ügyfelek'!I5="")+('Ügyfelek'!J5="")+('Ügyfelek'!K5="")+('Ügyfelek'!L5="")+('Ügyfelek'!M5="")+('Ügyfelek'!N5="")+('Ügyfelek'!O5="")+('Ügyfelek'!P5="")+('Ügyfelek'!Q5="")+('Ügyfelek'!R5="")+('Ügyfelek'!S5="")+('Ügyfelek'!T5="")+('Ügyfelek'!U5="")+('Ügyfelek'!V5="")+('Ügyfelek'!W5="")+('Ügyfelek'!X5="")+('Ügyfelek'!Y5="")+('Ügyfelek'!Z5="")+('Ügyfelek'!AA5="")+('Ügyfelek'!AB5="")+('Ügyfelek'!AC5="")+('Ügyfelek'!AD5="")+('Ügyfelek'!AE5="")+('Ügyfelek'!AF5="")+('Ügyfelek'!AG5="")+('Ügyfelek'!AH5="")) | BK5: =IF($A5="","",B5+'Beállítások'!$E$6/1000) | BL5: =IF($A5="","",C5+'Beállítások'!$E$7/1000) | BM5: =IF($A5="","",D5+'Beállítások'!$E$8/1000) | BN5: =IF($A5="","",E5+'Beállítások'!$E$9/1000) | BO5: =IF($A5="","",F5+'Beállítások'!$E$10/1000) | BP5: =IF($A5="","",G5+'Beállítások'!$E$11/1000) | BQ5: =IF($A5="","",H5+'Beállítások'!$E$12/1000) | BR5: =IF($A5="","",I5+'Beállítások'!$E$13/1000) | BS5: =IF($A5="","",J5+'Beállítások'!$E$14/1000) | BT5: =IF($A5="","",K5+'Beállítások'!$E$15/1000) | BU5: =IF($A5="","",L5+'Beállítások'!$E$16/1000) | BV5: =IF($A5="","",M5+'Beállítások'!$E$17/1000) | BW5: =IF($A5="","",N5+'Beállítások'!$E$18/1000) | BX5: =IF($A5="","",O5+'Beállítások'!$E$19/1000) | BY5: =IF($A5="","",P5+'Beállítások'!$E$20/1000) | BZ5: =IF($A5="","",Q5+'Beállítások'!$E$21/1000) | CA5: =IF($A5="","",R5+'Beállítások'!$E$22/1000) | CB5: =IF($A5="","",S5+'Beállítások'!$E$23/1000) | CC5: =IF($A5="","",T5+'Beállítások'!$E$24/1000) | CD5: =IF($A5="","",U5+'Beállítások'!$E$25/1000) | CE5: =IF($A5="","",V5+'Beállítások'!$E$26/1000) | CF5: =IF($A5="","",W5+'Beállítások'!$E$27/1000) | CG5: =IF($A5="","",X5+'Beállítások'!$E$28/1000) | CH5: =IF($A5="","",Y5+'Beállítások'!$E$29/1000) | CI5: =IF($A5="","",Z5+'Beállítások'!$E$30/1000) | CJ5: =IF($A5="","",AA5+'Beállítások'!$E$31/1000) | CK5: =IF($A5="","",AB5+'Beállítások'!$E$32/1000) | CL5: =IF($A5="","",AC5+'Beállítások'!$E$33/1000) | CM5: =IF($A5="","",AD5+'Beállítások'!$E$34/1000) | CN5: =IF($A5="","",AE5+'Beállítások'!$E$35/1000) | CO5: =IF($A5="","",AF5+'Beállítások'!$E$36/1000) | CP5: =IF($A5="","",AG5+'Beállítások'!$E$37/1000) | CQ5: =IF($A5="","",AH5+'Beállítások'!$E$38/1000) | CR5: =IF($A5="","",'Beállítások'!$E$6*(10-B5)) | CS5: =IF($A5="","",'Beállítások'!$E$7*(10-C5)) | CT5: =IF($A5="","",'Beállítások'!$E$8*(10-D5)) | CU5: =IF($A5="","",'Beállítások'!$E$9*(10-E5)) | CV5: =IF($A5="","",'Beállítások'!$E$10*(10-F5)) | CW5: =IF($A5="","",'Beállítások'!$E$11*(10-G5)) | CX5: =IF($A5="","",'Beállítások'!$E$12*(10-H5)) | CY5: =IF($A5="","",'Beállítások'!$E$13*(10-I5)) | CZ5: =IF($A5="","",'Beállítások'!$E$14*(10-J5)) | DA5: =IF($A5="","",'Beállítások'!$E$15*(10-K5)) | DB5: =IF($A5="","",'Beállítások'!$E$16*(10-L5)) | DC5: =IF($A5="","",'Beállítások'!$E$17*(10-M5)) | DD5: =IF($A5="","",'Beállítások'!$E$18*(10-N5)) | DE5: =IF($A5="","",'Beállítások'!$E$19*(10-O5)) | DF5: =IF($A5="","",'Beállítások'!$E$20*(10-P5)) | DG5: =IF($A5="","",'Beállítások'!$E$21*(10-Q5)) | DH5: =IF($A5="","",'Beállítások'!$E$22*(10-R5)) | DI5: =IF($A5="","",'Beállítások'!$E$23*(10-S5)) | DJ5: =IF($A5="","",'Beállítások'!$E$24*(10-T5)) | DK5: =IF($A5="","",'Beállítások'!$E$25*(10-U5)) | DL5: =IF($A5="","",'Beállítások'!$E$26*(10-V5)) | DM5: =IF($A5="","",'Beállítások'!$E$27*(10-W5)) | DN5: =IF($A5="","",'Beállítások'!$E$28*(10-X5)) | DO5: =IF($A5="","",'Beállítások'!$E$29*(10-Y5)) | DP5: =IF($A5="","",'Beállítások'!$E$30*(10-Z5)) | DQ5: =IF($A5="","",'Beállítások'!$E$31*(10-AA5)) | DR5: =IF($A5="","",'Beállítások'!$E$32*(10-AB5)) | DS5: =IF($A5="","",'Beállítások'!$E$33*(10-AC5)) | DT5: =IF($A5="","",'Beállítások'!$E$34*(10-AD5)) | DU5: =IF($A5="","",'Beállítások'!$E$35*(10-AE5)) | DV5: =IF($A5="","",'Beállítások'!$E$36*(10-AF5)) | DW5: =IF($A5="","",'Beállítások'!$E$37*(10-AG5)) | DX5: =IF($A5="","",'Beállítások'!$E$38*(10-AH5)) | DY5: =IF($A5="","",AM5-ROW()/100000)
A6: =IF('Ügyfelek'!A6="","",'Ügyfelek'!A6) | B6: =IF($A6="","",IF('Ügyfelek'!B6="",'Beállítások'!$B$84,IFERROR(VLOOKUP(TRIM('Ügyfelek'!B6),'Beállítások'!$A$51:$B$59,2,FALSE),'Beállítások'!$B$84))) | C6: =IF($A6="","",IF('Ügyfelek'!C6="",'Beállítások'!$B$84,MIN(10,MAX(1,ROUND('Ügyfelek'!C6,0))))) | D6: =IF($A6="","",IF('Ügyfelek'!D6="",'Beállítások'!$B$84,MIN(10,MAX(1,ROUND('Ügyfelek'!D6,0))))) | E6: =IF($A6="","",IF('Ügyfelek'!E6="",'Beállítások'!$B$84,MIN(10,MAX(1,ROUND('Ügyfelek'!E6,0))))) | F6: =IF($A6="","",IF('Ügyfelek'!F6="",'Beállítások'!$B$84,MIN(10,MAX(1,ROUND('Ügyfelek'!F6,0))))) | G6: =IF($A6="","",IF('Ügyfelek'!G6="",'Beállítások'!$B$84,MIN(10,MAX(1,ROUND('Ügyfelek'!G6,0))))) | H6: =IF($A6="","",IF('Ügyfelek'!H6="",'Beállítások'!$B$84,MIN(10,MAX(1,ROUND('Ügyfelek'!H6,0))))) | I6: =IF($A6="","",IF('Ügyfelek'!I6="",'Beállítások'!$B$84,MIN(10,MAX(1,ROUND('Ügyfelek'!I6,0))))) | J6: =IF($A6="","",IF('Ügyfelek'!J6="",'Beállítások'!$B$84,MIN(10,MAX(1,ROUND('Ügyfelek'!J6,0))))) | ... S6: =IF($A6="","",IF('Ügyfelek'!S6="",'Beállítások'!$B$84,MIN(10,MAX(1,ROUND('Ügyfelek'!S6,0))))) | T6: =IF($A6="","",IF('Ügyfelek'!T6="",'Beállítások'!$B$84,VLOOKUP(MAX('Ügyfelek'!T6,'Beállítások'!$H$7),'Beállítások'!$H$7:$I$12,2,TRUE))) | U6: =IF($A6="","",IF('Ügyfelek'!U6="",'Beállítások'!$B$84,VLOOKUP(MAX('Ügyfelek'!U6,'Beállítások'!$K$7),'Beállítások'!$K$7:$L$12,2,TRUE))) | V6: =IF($A6="","",IF('Ügyfelek'!V6="",'Beállítások'!$B$84,MIN(10,MAX(1,ROUND('Ügyfelek'!V6,0))))) | W6: =IF($A6="","",IF('Ügyfelek'!W6="",'Beállítások'!$B$84,VLOOKUP(MAX('Ügyfelek'!W6,'Beállítások'!$N$7),'Beállítások'!$N$7:$O$12,2,TRUE))) | X6: =IF($A6="","",IF('Ügyfelek'!X6="",'Beállítások'!$B$84,MIN(10,MAX(1,ROUND('Ügyfelek'!X6,0))))) | Y6: =IF($A6="","",IF('Ügyfelek'!Y6="",'Beállítások'!$B$84,IFERROR(VLOOKUP(TRIM('Ügyfelek'!Y6),'Beállítások'!$A$63:$B$69,2,FALSE),'Beállítások'!$B$84))) | Z6: =IF($A6="","",IF('Ügyfelek'!Z6="",'Beállítások'!$B$84,VLOOKUP(MAX('Ügyfelek'!Z6,'Beállítások'!$Q$7),'Beállítások'!$Q$7:$R$12,2,TRUE))) | AA6: =IF($A6="","",IF('Ügyfelek'!AA6="",'Beállítások'!$B$84,VLOOKUP(MAX('Ügyfelek'!AA6,'Beállítások'!$T$7),'Beállítások'!$T$7:$U$12,2,TRUE))) | AB6: =IF($A6="","",IF('Ügyfelek'!AB6="",'Beállítások'!$B$84,MIN(10,MAX(1,ROUND('Ügyfelek'!AB6,0))))) | AC6: =IF($A6="","",IF('Ügyfelek'!AC6="",'Beállítások'!$B$84,MIN(10,MAX(1,ROUND('Ügyfelek'!AC6,0))))) | AD6: =IF($A6="","",IF('Ügyfelek'!AD6="",'Beállítások'!$B$84,MIN(10,MAX(1,ROUND('Ügyfelek'!AD6,0))))) | AE6: =IF($A6="","",IF('Ügyfelek'!AE6="",'Beállítások'!$B$84,MIN(10,MAX(1,ROUND('Ügyfelek'!AE6,0))))) | AF6: =IF($A6="","",IF('Ügyfelek'!AF6="",'Beállítások'!$B$84,MIN(10,MAX(1,ROUND('Ügyfelek'!AF6,0))))) | AG6: =IF($A6="","",IF('Ügyfelek'!AG6="",'Beállítások'!$B$84,MIN(10,MAX(1,ROUND('Ügyfelek'!AG6,0))))) | AH6: =IF($A6="","",IF('Ügyfelek'!AH6="",'Beállítások'!$B$84,IFERROR(VLOOKUP(TRIM('Ügyfelek'!AH6),'Beállítások'!$A$73:$B$79,2,FALSE),'Beállítások'!$B$84))) | AI6: =IF($A6="","",ROUND(100*('Beállítások'!$E$6*(B6-1)+'Beállítások'!$E$7*(C6-1))/(9*'Beállítások'!$B$43),1)) | AJ6: =IF($A6="","",ROUND(100*('Beállítások'!$E$8*(D6-1)+'Beállítások'!$E$9*(E6-1)+'Beállítások'!$E$10*(F6-1)+'Beállítások'!$E$11*(G6-1)+'Beállítások'!$E$12*(H6-1)+'Beállítások'!$E$13*(I6-1)+'Beállítások'!$E$14*(J6-1)+'Beállítások'!$E$15*(K6-1)+'Beállítások'!$E$16*(L6-1)+'Beállítások'!$E$17*(M6-1)+'Beállítások'!$E$18*(N6-1)+'Beállítások'!$E$19*(O6-1)+'Beállítások'!$E$20*(P6-1)+'Beállítások'!$E$21*(Q6-1)+'Beállítások'!$E$22*(R6-1))/(9*'Beállítások'!$B$44),1)) | AK6: =IF($A6="","",ROUND(100*('Beállítások'!$E$23*(S6-1)+'Beállítások'!$E$24*(T6-1)+'Beállítások'!$E$25*(U6-1)+'Beállítások'!$E$26*(V6-1)+'Beállítások'!$E$27*(W6-1)+'Beállítások'!$E$28*(X6-1)+'Beállítások'!$E$29*(Y6-1))/(9*'Beállítások'!$B$45),1)) | AL6: =IF($A6="","",ROUND(100*('Beállítások'!$E$30*(Z6-1)+'Beállítások'!$E$31*(AA6-1)+'Beállítások'!$E$32*(AB6-1)+'Beállítások'!$E$33*(AC6-1)+'Beállítások'!$E$34*(AD6-1)+'Beállítások'!$E$35*(AE6-1)+'Beállítások'!$E$36*(AF6-1)+'Beállítások'!$E$37*(AG6-1)+'Beállítások'!$E$38*(AH6-1))/(9*'Beállítások'!$B$46),1)) | AM6: =IF($A6="","",ROUND(100*('Beállítások'!$E$6*(B6-1)+'Beállítások'!$E$7*(C6-1)+'Beállítások'!$E$8*(D6-1)+'Beállítások'!$E$9*(E6-1)+'Beállítások'!$E$10*(F6-1)+'Beállítások'!$E$11*(G6-1)+'Beállítások'!$E$12*(H6-1)+'Beállítások'!$E$13*(I6-1)+'Beállítások'!$E$14*(J6-1)+'Beállítások'!$E$15*(K6-1)+'Beállítások'!$E$16*(L6-1)+'Beállítások'!$E$17*(M6-1)+'Beállítások'!$E$18*(N6-1)+'Beállítások'!$E$19*(O6-1)+'Beállítások'!$E$20*(P6-1)+'Beállítások'!$E$21*(Q6-1)+'Beállítások'!$E$22*(R6-1)+'Beállítások'!$E$23*(S6-1)+'Beállítások'!$E$24*(T6-1)+'Beállítások'!$E$25*(U6-1)+'Beállítások'!$E$26*(V6-1)+'Beállítások'!$E$27*(W6-1)+'Beállítások'!$E$28*(X6-1)+'Beállítások'!$E$29*(Y6-1)+'Beállítások'!$E$30*(Z6-1)+'Beállítások'!$E$31*(AA6-1)+'Beállítások'!$E$32*(AB6-1)+'Beállítások'!$E$33*(AC6-1)+'Beállítások'!$E$34*(AD6-1)+'Beállítások'!$E$35*(AE6-1)+'Beállítások'!$E$36*(AF6-1)+'Beállítások'!$E$37*(AG6-1)+'Beállítások'!$E$38*(AH6-1))/(9*'Beállítások'!$E$39),1)) | AN6: =IF($A6="","",ROUND(100*('Beállítások'!$E$8*(D6-1)+'Beállítások'!$E$9*(E6-1)+'Beállítások'!$E$10*(F6-1)+'Beállítások'!$E$11*(G6-1)+'Beállítások'!$E$12*(H6-1)+'Beállítások'!$E$13*(I6-1)+'Beállítások'!$E$14*(J6-1)+'Beállítások'!$E$15*(K6-1)+'Beállítások'!$E$16*(L6-1)+'Beállítások'!$E$17*(M6-1)+'Beállítások'!$E$18*(N6-1)+'Beállítások'!$E$19*(O6-1)+'Beállítások'!$E$20*(P6-1)+'Beállítások'!$E$21*(Q6-1)+'Beállítások'!$E$22*(R6-1)+'Beállítások'!$E$23*(S6-1)+'Beállítások'!$E$24*(T6-1)+'Beállítások'!$E$25*(U6-1)+'Beállítások'!$E$26*(V6-1)+'Beállítások'!$E$27*(W6-1)+'Beállítások'!$E$28*(X6-1)+'Beállítások'!$E$29*(Y6-1))/(9*('Beállítások'!$B$44+'Beállítások'!$B$45)),1)) | AO6: =IF($A6="","",RANK(AM6,$AM$2:$AM$201)) | AP6: =IF($A6="","",IF(OR(AND('Ügyfelek'!B6<>"",B6<='Beállítások'!$B$85),AND('Ügyfelek'!C6<>"",C6<='Beállítások'!$B$86)),"Igen","Nem")) | AQ6: =IF($A6="","",IF(AP6="Igen",5,IF(AN6>='Beállítások'!$C$108,1,IF(AN6>='Beállítások'!$C$109,2,IF(AN6>='Beállítások'!$C$110,3,IF(AND(AN6>='Beállítások'!$B$87,AI6>='Beállítások'!$B$88,AL6>='Beállítások'!$B$89),4,5)))))) | AR6: =IF($A6="","",INDEX('Beállítások'!$B$108:$B$112,AQ6)) | AS6: =IF($A6="","",IF(AQ6=5,"Elutasítjuk",IF(AND(AQ6=4,COUNTIFS('Eredmény'!$AQ$2:$AQ$201,4,'Eredmény'!$DY$2:$DY$201,">"&DY6)>='Beállítások'!$B$90),"Várólista (a 4-es hely foglalt)","Elfogadjuk"))) | AT6: =IF($A6="","",INDEX('Beállítások'!$F$108:$F$112,AQ6)) | AU6: =IF($A6="","",INDEX('Beállítások'!$B$6:$B$38,MATCH(MAX(BK6:CQ6),BK6:CQ6,0))) | AV6: =IF($A6="","",IF(MAX(CR6:DX6)=0,"—",INDEX('Beállítások'!$B$6:$B$38,MATCH(MAX(CR6:DX6),CR6:DX6,0)))) | AW6: =IF($A6="","",'Beállítások'!$B$94*(TRIM('Ügyfelek'!AI6)="igen")+'Beállítások'!$B$95*(TRIM('Ügyfelek'!AJ6)="igen")+'Beállítások'!$B$96*N('Ügyfelek'!AK6)+'Beállítások'!$B$93*N('Ügyfelek'!AL6)) | AX6: =IF(OR($A6="",AQ6=5),"",INDEX('Beállítások'!$D$108:$D$112,AQ6)) | AY6: =IF($A6="","",N('Ügyfelek'!U6)*'Beállítások'!$B$98) | AZ6: =IF(OR($A6="",AQ6=5),"",CEILING(ROUND(MAX('Beállítások'!$B$97,AW6*AX6,AY6),2),'Beállítások'!$B$99)) | BA6: =IF($A6="","",IF(AQ6=5,"Elutasítva",IF(MAX('Beállítások'!$B$97,AW6*AX6,AY6)=AW6*AX6,"Munkaigény × státuszszorzó",IF(MAX('Beállítások'!$B$97,AW6*AX6,AY6)=AY6,"Hirdetési keret arányában","Minimumdíj")))) | BB6: =IF(OR($A6="",'Ügyfelek'!AM6=""),"",'Ügyfelek'!AM6) | BC6: =IF(OR(BB6="",AZ6=""),"",AZ6-BB6) | BD6: =IF(OR(BB6="",AZ6="",BB6=0),"",BC6/BB6) | BE6: =IF(OR($A6="",AQ6=5),"",IF(AND(INDEX('Beállítások'!$E$108:$E$112,AQ6)>0,Y6>='Beállítások'!$B$91),"Igen","Nem")) | BF6: =IF(BE6="Igen",CEILING(ROUND(AZ6*(1-'Beállítások'!$B$92),2),'Beállítások'!$B$99),"") | BG6: =IF(BE6="Igen",INDEX('Beállítások'!$E$108:$E$112,AQ6),"") | BH6: =IF(OR(BE6<>"Igen",'Ügyfelek'!AN6=""),"",'Ügyfelek'!AN6*BG6) | BI6: =IF($A6="","",('Ügyfelek'!B6="")+('Ügyfelek'!C6="")+('Ügyfelek'!D6="")+('Ügyfelek'!E6="")+('Ügyfelek'!F6="")+('Ügyfelek'!G6="")+('Ügyfelek'!H6="")+('Ügyfelek'!I6="")+('Ügyfelek'!J6="")+('Ügyfelek'!K6="")+('Ügyfelek'!L6="")+('Ügyfelek'!M6="")+('Ügyfelek'!N6="")+('Ügyfelek'!O6="")+('Ügyfelek'!P6="")+('Ügyfelek'!Q6="")+('Ügyfelek'!R6="")+('Ügyfelek'!S6="")+('Ügyfelek'!T6="")+('Ügyfelek'!U6="")+('Ügyfelek'!V6="")+('Ügyfelek'!W6="")+('Ügyfelek'!X6="")+('Ügyfelek'!Y6="")+('Ügyfelek'!Z6="")+('Ügyfelek'!AA6="")+('Ügyfelek'!AB6="")+('Ügyfelek'!AC6="")+('Ügyfelek'!AD6="")+('Ügyfelek'!AE6="")+('Ügyfelek'!AF6="")+('Ügyfelek'!AG6="")+('Ügyfelek'!AH6="")) | BK6: =IF($A6="","",B6+'Beállítások'!$E$6/1000) | BL6: =IF($A6="","",C6+'Beállítások'!$E$7/1000) | BM6: =IF($A6="","",D6+'Beállítások'!$E$8/1000) | BN6: =IF($A6="","",E6+'Beállítások'!$E$9/1000) | BO6: =IF($A6="","",F6+'Beállítások'!$E$10/1000) | BP6: =IF($A6="","",G6+'Beállítások'!$E$11/1000) | BQ6: =IF($A6="","",H6+'Beállítások'!$E$12/1000) | BR6: =IF($A6="","",I6+'Beállítások'!$E$13/1000) | BS6: =IF($A6="","",J6+'Beállítások'!$E$14/1000) | BT6: =IF($A6="","",K6+'Beállítások'!$E$15/1000) | BU6: =IF($A6="","",L6+'Beállítások'!$E$16/1000) | BV6: =IF($A6="","",M6+'Beállítások'!$E$17/1000) | BW6: =IF($A6="","",N6+'Beállítások'!$E$18/1000) | BX6: =IF($A6="","",O6+'Beállítások'!$E$19/1000) | BY6: =IF($A6="","",P6+'Beállítások'!$E$20/1000) | BZ6: =IF($A6="","",Q6+'Beállítások'!$E$21/1000) | CA6: =IF($A6="","",R6+'Beállítások'!$E$22/1000) | CB6: =IF($A6="","",S6+'Beállítások'!$E$23/1000) | CC6: =IF($A6="","",T6+'Beállítások'!$E$24/1000) | CD6: =IF($A6="","",U6+'Beállítások'!$E$25/1000) | CE6: =IF($A6="","",V6+'Beállítások'!$E$26/1000) | CF6: =IF($A6="","",W6+'Beállítások'!$E$27/1000) | CG6: =IF($A6="","",X6+'Beállítások'!$E$28/1000) | CH6: =IF($A6="","",Y6+'Beállítások'!$E$29/1000) | CI6: =IF($A6="","",Z6+'Beállítások'!$E$30/1000) | CJ6: =IF($A6="","",AA6+'Beállítások'!$E$31/1000) | CK6: =IF($A6="","",AB6+'Beállítások'!$E$32/1000) | CL6: =IF($A6="","",AC6+'Beállítások'!$E$33/1000) | CM6: =IF($A6="","",AD6+'Beállítások'!$E$34/1000) | CN6: =IF($A6="","",AE6+'Beállítások'!$E$35/1000) | CO6: =IF($A6="","",AF6+'Beállítások'!$E$36/1000) | CP6: =IF($A6="","",AG6+'Beállítások'!$E$37/1000) | CQ6: =IF($A6="","",AH6+'Beállítások'!$E$38/1000) | CR6: =IF($A6="","",'Beállítások'!$E$6*(10-B6)) | CS6: =IF($A6="","",'Beállítások'!$E$7*(10-C6)) | CT6: =IF($A6="","",'Beállítások'!$E$8*(10-D6)) | CU6: =IF($A6="","",'Beállítások'!$E$9*(10-E6)) | CV6: =IF($A6="","",'Beállítások'!$E$10*(10-F6)) | CW6: =IF($A6="","",'Beállítások'!$E$11*(10-G6)) | CX6: =IF($A6="","",'Beállítások'!$E$12*(10-H6)) | CY6: =IF($A6="","",'Beállítások'!$E$13*(10-I6)) | CZ6: =IF($A6="","",'Beállítások'!$E$14*(10-J6)) | DA6: =IF($A6="","",'Beállítások'!$E$15*(10-K6)) | DB6: =IF($A6="","",'Beállítások'!$E$16*(10-L6)) | DC6: =IF($A6="","",'Beállítások'!$E$17*(10-M6)) | DD6: =IF($A6="","",'Beállítások'!$E$18*(10-N6)) | DE6: =IF($A6="","",'Beállítások'!$E$19*(10-O6)) | DF6: =IF($A6="","",'Beállítások'!$E$20*(10-P6)) | DG6: =IF($A6="","",'Beállítások'!$E$21*(10-Q6)) | DH6: =IF($A6="","",'Beállítások'!$E$22*(10-R6)) | DI6: =IF($A6="","",'Beállítások'!$E$23*(10-S6)) | DJ6: =IF($A6="","",'Beállítások'!$E$24*(10-T6)) | DK6: =IF($A6="","",'Beállítások'!$E$25*(10-U6)) | DL6: =IF($A6="","",'Beállítások'!$E$26*(10-V6)) | DM6: =IF($A6="","",'Beállítások'!$E$27*(10-W6)) | DN6: =IF($A6="","",'Beállítások'!$E$28*(10-X6)) | DO6: =IF($A6="","",'Beállítások'!$E$29*(10-Y6)) | DP6: =IF($A6="","",'Beállítások'!$E$30*(10-Z6)) | DQ6: =IF($A6="","",'Beállítások'!$E$31*(10-AA6)) | DR6: =IF($A6="","",'Beállítások'!$E$32*(10-AB6)) | DS6: =IF($A6="","",'Beállítások'!$E$33*(10-AC6)) | DT6: =IF($A6="","",'Beállítások'!$E$34*(10-AD6)) | DU6: =IF($A6="","",'Beállítások'!$E$35*(10-AE6)) | DV6: =IF($A6="","",'Beállítások'!$E$36*(10-AF6)) | DW6: =IF($A6="","",'Beállítások'!$E$37*(10-AG6)) | DX6: =IF($A6="","",'Beállítások'!$E$38*(10-AH6)) | DY6: =IF($A6="","",AM6-ROW()/100000)
